"district","school","county","grades","students","teachers","computer","expenditure","income","english"
"75119","Sunol Glen Unified","Alameda","KK-08",195,10.8999996185303,67,6384.9111328125,22.6900005340576,0
"61499","Manzanita Elementary","Butte","KK-08",240,11.1499996185303,101,5099.380859375,9.82400035858154,4.58333349227905
"61549","Thermalito Union Elementary","Butte","KK-08",1550,82.9000015258789,169,5501.95458984375,8.97799968719482,30.0000019073486
"61457","Golden Feather Union Elementary","Butte","KK-08",243,14,85,7101.8310546875,8.97799968719482,0
"61523","Palermo Union Elementary","Butte","KK-08",1335,71.5,171,5235.98779296875,9.08033275604248,13.8576774597168
"62042","Burrel Union Elementary","Fresno","KK-08",137,6.40000009536743,25,5580.14697265625,10.414999961853,12.4087591171265
"68536","Holt Union Elementary","San Joaquin","KK-08",195,10,28,5253.3310546875,6.5770001411438,68.7179489135742
"63834","Vineland Elementary","Kern","KK-08",888,42.5,66,4565.74609375,8.17399978637695,46.9594612121582
"62331","Orange Center Elementary","Fresno","KK-08",379,19,35,5355.54833984375,7.38500022888184,30.0791568756104
"67306","Del Paso Heights Elementary","Sacramento","KK-06",2247,108,0,5036.21142578125,11.6133327484131,40.2759208679199
"65722","Le Grand Union Elementary","Merced","KK-08",446,21,86,4547.6923828125,8.93099975585938,52.9147987365723
"62174","West Fresno Elementary","Fresno","KK-08",987,47,56,5447.34521484375,7.38500022888184,54.6099319458008
"71795","Allensworth Elementary","Tulare","KK-08",103,5,25,6567.1494140625,5.33500003814697,42.7184448242188
"72181","Sunnyside Union Elementary","Tulare","KK-08",487,24.3400001525879,0,4818.61279296875,8.2790002822876,20.5338802337646
"72298","Woodville Elementary","Tulare","KK-08",649,36,31,5621.4560546875,9.63000011444092,80.1232604980469
"72041","Pixley Union Elementary","Tulare","KK-08",852,42.0699996948242,80,6026.35986328125,7.4539999961853,49.413143157959
"63594","Lost Hills Union Elementary","Kern","KK-08",491,28.9200000762939,100,6723.23779296875,6.21600008010864,85.5397186279297
"63370","Buttonwillow Union Elementary","Kern","KK-08",421,25.5,50,5589.88525390625,7.76399993896484,58.9073638916016
"64709","Lennox Elementary","Los Angeles","KK-08",6880,303.029998779297,960,5064.61572265625,7.02199983596802,77.0058135986328
"63560","Lamont Elementary","Kern","KK-08",2688,135,139,5433.59326171875,5.69899988174438,49.8139877319336
"63230","Westmorland Union Elementary","Imperial","KK-08",440,24,69,5725.5634765625,7.94099998474121,40.6818199157715
"72058","Pleasant View Elementary","Tulare","KK-08",475,21,53,4542.10498046875,9.63000011444092,16.2105255126953
"63842","Wasco Union Elementary","Kern","KK-08",2538,130.5,169,5107.08642578125,7.40500020980835,45.0748634338379
"71811","Alta Vista Elementary","Tulare","KK-08",476,19,0,4659.66162109375,9.63000011444092,39.0756301879883
"65748","Livingston Union Elementary","Merced","KK-08",2357,114,216,4555.46435546875,8.01900005340576,76.6652526855469
"72272","Woodlake Union Elementary","Tulare","KK-08",1588,85,198,5415.15283203125,8.52299976348877,40.4911842346191
"65961","Alisal Union Elementary","Monterey","KK-06",7306,319.799987792969,742,4997.87158203125,7.98318147659302,73.7202301025391
"63313","Arvin Union Elementary","Kern","KK-08",2601,135,269,5223.912109375,7.30499982833862,70.0115356445312
"72199","Terra Bella Union Elementary","Tulare","KK-08",847,44,67,5139.16455078125,8.93400001525879,55.962215423584
"72215","Tipton Elementary","Tulare","KK-08",452,22,55,4614.251953125,8.55399990081787,11.0619468688965
"68379","San Ysidro Elementary","San Diego","KK-08",4142,201,569,5342.2333984375,6.61299991607666,80.4200897216797
"75440","Soledad Unified","Monterey","KK-08",2102,99.75,224,5347.45849609375,12.4090003967285,63.1303558349609
"64816","Mountain View Elementary","Los Angeles","KK-08",10012,464.899993896484,721,5036.458984375,8.12661552429199,65.1218566894531
"66050","King City Union Elementary","Monterey","KK-08",2488,125,202,5117.1416015625,11.4309997558594,53.4164009094238
"67819","Ontario-Montclair Elementary","San Bernardino","KK-08",25151,1186.69995117188,1713,5117.03955078125,11.722225189209,49.823070526123
"64758","Los Nietos Elementary","Los Angeles","KK-08",2267,103.680000305176,177,5272.19189453125,11.3325004577637,35.4653701782227
"65870","Winton Elementary","Merced","KK-08",1657,90.4000015258789,204,5225.71923828125,9.59799957275391,56.1255264282227
"62380","Raisin City Elementary","Fresno","KK-08",284,17.5,18,6516.533203125,14.5579996109009,32.3943672180176
"68999","Ravenswood City Elementary","San Mateo","KK-08",5370,280,562,4559.1767578125,22.0599994659424,65.5121002197266
"63578","Richland-Lerdo Union Elementary","Kern","KK-08",2471,121.860000610352,275,5119.158203125,9.70899963378906,53.0554428100586
"72538","Oxnard Elementary","Ventura","KK-08",15386,669.359985351562,1762,5338.185546875,11.4829444885254,49.6425323486328
"65680","El Nido Elementary","Merced","KK-08",184,9,40,5090.044921875,8.17800045013428,45.1086959838867
"63461","Fairfax Elementary","Kern","KK-08",1217,61.4000015258789,78,5485.49609375,8.17399978637695,30.3204593658447
"63404","Delano Union Elementary","Kern","KK-08",6219,268,571,4793.3701171875,7.5,52.2431259155273
"67199","Perris Elementary","Riverside","KK-06",4258,221,324,5092.91748046875,10.0504999160767,36.8013153076172
"65078","Valle Lindo Elementary","Los Angeles","KK-08",1235,53,175,4359.52099609375,7.33199977874756,30.2833995819092
"69369","Alum Rock Union Elementary","Santa Clara","KK-08",16244,766.650024414062,1423,5645.49560546875,12.5815773010254,49.8645668029785
"63438","Edison Elementary","Kern","KK-08",814,39,85,4518.01611328125,15.1770000457764,13.7592134475708
"63321","Bakersfield City Elementary","Kern","KK-08",27176,1429,3324,5864.3662109375,12.1091279983521,28.8637046813965
"69450","Franklin-McKinley Elementary","Santa Clara","KK-08",10696,487.970001220703,1306,5257.99658203125,11.7849998474121,52.8047866821289
"64592","Hawthorne Elementary","Los Angeles","KK-08",8935,444.5,786,5016.6923828125,14.0620002746582,44.0850601196289
"65193","Chowchilla Elementary","Madera","KK-08",1600,74.5,242,4720.08642578125,10.4720001220703,35.25
"66142","Salinas City Elementary","Monterey","KK-06",9028,449.920013427734,669,5470.5625,13.4051170349121,37.4944610595703
"69120","Santa Maria-Bonita Elementary","Santa Barbara","KK-08",10625,521.469970703125,896,5615.44189453125,12.3017997741699,50.3905906677246
"65110","Whittier City Elementary","Los Angeles","KK-08",7151,318.579986572266,560,5245.43994140625,15.404070854187,31.0725784301758
"64477","Eastside Union Elementary","Los Angeles","KK-08",2404,105,202,4838.17529296875,13.7620000839233,18.2612323760986
"64691","Lawndale Elementary","Los Angeles","KK-08",5804,283.149993896484,480,5367.98828125,14.1840000152588,34.7002067565918
"67421","Robla Elementary","Sacramento","KK-06",2253,112.650001525879,196,5526.23681640625,8.86499977111816,33.288948059082
"66191","Santa Rita Union Elementary","Monterey","KK-08",2807,126.120002746582,152,4353.01953125,12.9969997406006,33.4877090454102
"72561","Rio Elementary","Ventura","KK-08",3074,142.550003051758,249,5034.2900390625,11.5920000076294,38.1587524414062
"72157","Strathmore Union Elementary","Tulare","KK-08",723,37.1199989318848,45,4692.49365234375,8.2790002822876,36.9294624328613
"67397","North Sacramento Elementary","Sacramento","KK-06",5138,290.774993896484,560,5606.78173828125,10.9056425094604,32.9894905090332
"66423","Anaheim Elementary","Orange","KK-06",20927,953.5,1048,4969.1806640625,13.4006252288818,58.2166557312012
"63974","Lemoore Union Elementary","Kings","KK-08",3017,138.5,496,4675.6748046875,11.081000328064,17.0036468505859
"63875","Armona Union Elementary","Kings","KK-08",957,50,149,5306.1328125,9.08199977874756,17.6593532562256
"63339","Beardsley Elementary","Kern","KK-08",1639,90.5,287,5693.88330078125,13.3900003433228,7.32153749465942
"65037","South Whittier Elementary","Los Angeles","KK-08",4340,209.839996337891,284,5181.57958984375,14.6016254425049,31.1981563568115
"63917","Hanford Elementary","Kings","KK-08",5079,224.5,585,5228.65087890625,11.1160001754761,16.6174449920654
"68221","National Elementary","San Diego","KK-06",6639,304.730010986328,505,5339.39111328125,8.42300033569336,58.0810356140137
"70904","Roseland Elementary","Sonoma","KK-06",1154,62.0999984741211,129,6056.4970703125,11.664999961853,55.8925437927246
"63420","Di Giorgio Elementary","Kern","KK-08",237,11,13,4845.68017578125,7.30499982833862,5.48523235321045
"64642","Keppel Union Elementary","Los Angeles","KK-08",2987,141.210006713867,273,4826.666015625,13.7305994033813,14.4291934967041
"63966","Lakeside Union Elementary","Kings","KK-08",499,30,94,5367.09033203125,11.1160001754761,22.8456916809082
"65771","Merced City Elementary","Merced","KK-08",11474,542.650024414062,1248,5742.73291015625,10.3644285202026,38.7833366394043
"69203","Guadalupe Union Elementary","Santa Barbara","KK-08",1088,55,107,4136.2509765625,6.98299980163574,64.2463226318359
"67694","Cucamonga Elementary","San Bernardino","KK-08",2660,140.119995117188,259,5267.8310546875,14.4678001403809,25.225564956665
"61705","Knightsen Elementary","Contra Costa","KK-08",353,19.9799995422363,8,5238.39208984375,14.6529998779297,5.38243627548218
"63008","Rio Dell Elementary","Humboldt","KK-08",329,18.5300006866455,37,5462.8994140625,10.628999710083,6.07902765274048
"70417","Montague Elementary","Siskiyou","KK-08",252,16.5,32,6313.37353515625,9.7810001373291,0
"70409","McCloud Union Elementary","Siskiyou","KK-08",175,12.5,31,6653.03076171875,10.6560001373291,0
"72587","Santa Paula Elementary","Ventura","KK-08",3835,186.199996948242,897,5533.1494140625,11.9379997253418,34.8891792297363
"62539","West Park Elementary","Fresno","KK-08",314,19.25,8,6118.71044921875,7.38500022888184,13.0573244094849
"65631","Atwater Elementary","Merced","KK-08",4458,211,445,5098.626953125,10.6759996414185,36.0251235961914
"65862","Weaver Union Elementary","Merced","KK-08",1313,75.0800018310547,112,5652.87890625,9.97200012207031,34.6534652709961
"62356","Pacific Union Elementary","Fresno","KK-08",474,26.5,36,5329.00244140625,8.25800037384033,28.6919822692871
"75051","Lucerne Valley Unified","San Bernardino","KK-08",1114,57.7000007629395,277,5929.80908203125,8.89599990844727,1.79533219337463
"67231","Romoland Elementary","Riverside","KK-06",1358,65,178,4897.06787109375,12.0620002746582,30.6332855224609
"64501","El Monte City Elementary","Los Angeles","KK-08",11629,546.299987792969,1015,5100.2021484375,9.42889499664307,59.0334548950195
"63503","Greenfield Union Elementary","Kern","KK-08",6195,306.75,1261,4825.72265625,8.92033290863037,13.5593223571777
"72033","Palo Verde Union Elementary","Tulare","KK-08",499,20,35,4079.12915039062,10.0979995727539,5.01001977920532
"67322","Elverta Joint Elementary","Sacramento","KK-08",417,23,27,5349.36767578125,11.8299999237061,0.95923262834549
"64048","Lucerne Elementary","Lake","KK-08",300,15,55,5869.38916015625,11.5530004501343,0.666666686534882
"69542","Luther Burbank Elementary","Santa Clara","KK-08",457,24.3999996185303,50,6462.1279296875,19.7070007324219,38.512035369873
"61382","Bangor Union Elementary","Butte","KK-08",146,8,34,6231.6015625,7.10500001907349,0
"68858","Bayshore Elementary","San Mateo","KK-08",460,24.2199993133545,71,4993.86767578125,13.7250003814697,17.1739139556885
"72017","Oak Valley Union Elementary","Tulare","KK-08",354,17.7999992370605,28,4663.81103515625,10.0979995727539,9.88700580596924
"65151","Wilsona Elementary","Los Angeles","KK-08",1841,95,315,6107.1064453125,13.7620000839233,19.3916358947754
"63073","Brawley Elementary","Imperial","KK-08",3760,183.75,717,5324.22802734375,9.66499996185303,36.4893608093262
"63198","Meadows Union Elementary","Imperial","KK-08",500,22.4300003051758,70,5221.4609375,10.2639999389648,39.3999977111816
"64717","Little Lake City Elementary","Los Angeles","KK-08",5112,246.899993896484,383,5157.78466796875,11.5692005157471,28.6776218414307
"63719","Pond Union Elementary","Kern","KK-08",146,7.65999984741211,28,5131.119140625,7.40500020980835,13.6986303329468
"63800","Taft City Elementary","Kern","KK-08",2141,105.819999694824,134,5279.35400390625,12.0769996643066,11.3498363494873
"71357","Brittan Elementary","Sutter","KK-08",610,30.9799995422363,144,4704.0439453125,11.2829999923706,3.44262313842773
"65557","Arena Union Elementary","Mendocino","KK-08",337,16.5499992370605,26,6089.91064453125,10.0349998474121,15.4302673339844
"67587","Adelanto Elementary","San Bernardino","KK-08",4501,227.850006103516,597,5356.83349609375,8.38399982452393,17.973783493042
"67470","Hollister School District","San Benito","KK-08",5718,295.049987792969,313,5144.54931640625,13.6300001144409,22.7177333831787
"64857","Palmdale Elementary","Los Angeles","KK-08",19402,846.380004882812,1182,4906.22998046875,14.127667427063,18.4362449645996
"61507","Oroville City Elementary","Butte","KK-08",3401,175.550003051758,560,5489.5888671875,11.2661247253418,16.1717147827148
"63792","Standard Elementary","Kern","KK-08",2621,136.830001831055,397,5718.55126953125,13.3900003433228,2.02212882041931
"72447","Briggs Elementary","Ventura","KK-08",426,20,87,4436.15283203125,11.9379997253418,9.62441349029541
"62323","Monroe Elementary","Fresno","KK-08",205,11.1999998092651,24,4895.439453125,8.25800037384033,41.4634132385254
"64667","Lancaster Elementary","Los Angeles","KK-08",13668,648.409973144531,1321,5159.21875,14.2267274856567,9.89903450012207
"65177","Alview-Dairyland Union Elementary","Madera","KK-08",342,18.2000007629395,98,5490.65478515625,10.4720001220703,16.0818710327148
"66589","Magnolia Elementary","Orange","KK-06",6518,332.100006103516,499,5172.01953125,14.2429008483887,43.4949378967285
"71985","Liberty Elementary","Tulare","KK-08",239,12.1999998092651,30,4441.6728515625,14.0659999847412,8.78661060333252
"69617","Mt. Pleasant Elementary","Santa Clara","KK-08",2911,139.470001220703,281,5220.3701171875,15.9680004119873,39.0243873596191
"63123","El Centro Elementary","Imperial","KK-08",6272,297.040008544922,1338,5252.810546875,10.2639999389648,53.8903045654297
"68395","South Bay Union Elementary","San Diego","KK-06",10218,508.75,1435,5518.7021484375,10.6024703979492,41.1332931518555
"69914","Cascade Union Elementary","Shasta","KK-08",1735,87.1399993896484,222,5609.48779296875,10.5229997634888,1.38328528404236
"71969","Kings River Union Elementary","Tulare","KK-08",474,26.6100006103516,96,4945.03173828125,11.2379999160767,35.4430389404297
"71548","Gerber Union Elementary","Tehama","KK-08",544,30,145,5223.025390625,10.0559997558594,8.63970565795898
"71910","Exeter Union Elementary","Tulare","KK-08",1987,103.370002746582,283,4757.025390625,11.1829996109009,15.3497743606567
"62000","American Union Elementary","Fresno","KK-08",418,22.3999996185303,50,5522.16162109375,7.38500022888184,19.8564586639404
"66167","San Antonio Union Elementary","Monterey","KK-08",196,10,40,6087.60888671875,13.5790004730225,3.06122446060181
"71837","Burton Elementary","Tulare","KK-08",2208,114.5,92,4960.515625,9.63000011444092,9.87318801879883
"67157","Nuview Union Elementary","Riverside","KK-08",1255,55,165,4880.04052734375,15.2740001678467,16.0956172943115
"70615","Bellevue Union Elementary","Sonoma","KK-06",1469,78.0999984741211,65,6538.41796875,14.0342502593994,43.4989776611328
"64550","Garvey Elementary","Los Angeles","KK-08",7114,332.839996337891,680,4925.65966796875,10.2396669387817,45.0379524230957
"71498","Corning Union Elementary","Tehama","KK-08",1962,98,170,5204.6875,9.48499965667725,18.1957187652588
"68916","Jefferson Elementary","San Mateo","KK-08",7761,361,658,4907.41064453125,15.0298748016357,15.4876947402954
"70185","Big Springs Union Elementary","Siskiyou","KK-08",216,14,47,5923.45166015625,9.7810001373291,0.92592591047287
"63487","General Shafter Elementary","Kern","KK-08",224,10,31,4741.95703125,13.1920003890991,7.5892858505249
"71308","Turlock Joint Elementary","Stanislaus","KK-08",7887,391.859985351562,1004,4954.01953125,12.2159996032715,29.0858383178711
"72421","Twain Harte-Long Barn Union Elementary","Tuolumne","KK-08",752,39.5,0,5500.10791015625,14.076000213623,0.132978722453117
"69005","Redwood City Elementary","San Mateo","KK-08",9328,537.880004882812,1719,5360.51708984375,25.4873332977295,50.8576316833496
"61846","Camino Union Elementary","El Dorado","KK-08",548,32.2000007629395,35,5685.63916015625,14.8669996261597,11.4963502883911
"65813","Plainsburg Union Elementary","Merced","KK-08",104,5,19,5594.1962890625,9.97200012207031,13.4615392684937
"68486","Banta Elementary","San Joaquin","KK-08",275,13,4,4692.56689453125,14.5780000686646,4.72727251052856
"62513","Washington Colony Elementary","Fresno","KK-08",443,24,52,5085.40625,7.38500022888184,21.444694519043
"67405","Rio Linda Union Elementary","Sacramento","KK-06",10337,540.049987792969,1268,5456.197265625,12.3430004119873,12.3536806106567
"71050","Chatom Union Elementary","Stanislaus","KK-08",806,41.5299987792969,36,5105.1796875,12.4313325881958,30.1488838195801
"73726","Merced River Union Elementary","Merced","KK-08",227,11.6000003814697,25,5519.67724609375,14.9060001373291,15.8590297698975
"72462","Hueneme Elementary","Ventura","KK-08",8416,391.420013427734,1333,5065.9111328125,12.6698999404907,43.75
"62737","Cuddeback Union Elementary","Humboldt","KK-08",149,8.5,30,5182.42822265625,10.3330001831055,0
"62703","Blue Lake Union Elementary","Humboldt","KK-08",220,13.3900003433228,48,5960.46435546875,11.9720001220703,0
"68205","Lemon Grove Elementary","San Diego","KK-08",4612,232.970001220703,601,5124.83642578125,12.8269996643066,16.6522121429443
"64063","Upper Lake Union Elementary","Lake","KK-08",590,34.3300018310547,71,5655.13330078125,10.039999961853,3.22033905982971
"62984","Peninsula Union Elementary","Humboldt","KK-08",133,7.55000019073486,25,5811.68994140625,13.335000038147,0
"72512","Ocean View Elementary","Ventura","KK-08",2440,121.23999786377,116,5467.673828125,9.85400009155273,48.5245895385742
"71647","Reeds Creek Elementary","Tehama","KK-08",133,6,0,5213.08935546875,11.4259996414185,0.751879692077637
"67280","Arcohe Union Elementary","Sacramento","KK-08",519,26,65,4613.1875,15.1309995651245,1.92678236961365
"68627","New Jerusalem Elementary","San Joaquin","KK-08",222,11.6599998474121,30,4886.98388671875,14.5780000686646,13.5135126113892
"70243","Dunsmuir Elementary","Siskiyou","KK-08",285,18.7199993133545,36,6455.13671875,10.2679996490479,0
"71282","Stanislaus Union Elementary","Stanislaus","KK-08",3129,147.979995727539,471,5125.43310546875,15.5928573608398,16.7146053314209
"62240","Kingsburg Joint Union Elementary","Fresno","KK-08",2019,102.779998779297,167,5193.6923828125,11.2379999160767,5.94353628158569
"66456","Buena Park Elementary","Orange","KK-08",5620,267,316,5002.8388671875,15.0513753890991,36.1743774414062
"66746","Westminster Elementary","Orange","KK-08",9775,484.5,1218,5337.62548828125,15.4131765365601,44.971866607666
"63933","Island Union Elementary","Kings","KK-08",246,11.5,38,5161.2021484375,11.081000328064,16.6666679382324
"72231","Tulare City Elementary","Tulare","KK-08",7210,360.350006103516,800,5158.7919921875,10.0979995727539,15.1872396469116
"68023","Chula Vista Elementary","San Diego","KK-06",21338,1051.57995605469,2889,5123.47412109375,14.2982997894287,34.3377990722656
"69880","Black Butte Union Elementary","Shasta","KK-08",477,27,27,5782.5439453125,11.8030004501343,0
"65763","McSwain Union Elementary","Merced","KK-08",727,39.9000015258789,50,4842.60791015625,9.97200012207031,13.0673999786377
"71381","Franklin Elementary","Sutter","KK-08",374,18.4500007629395,46,4219.40625,15.4090003967285,4.27807474136353
"68098","Escondido Union Elementary","San Diego","KK-08",18255,903.760009765625,2001,5081.169921875,15.2937994003296,39.5946311950684
"64485","East Whittier City Elementary","Los Angeles","KK-08",8787,410.910003662109,1058,5144.99365234375,15.5329284667969,21.6683731079102
"73544","Rio Bravo-Greeley Union Elementary","Kern","KK-08",797,38,60,4674.298828125,16.2929992675781,3.2622332572937
"71407","Marcum-Illinois Union Elementary","Sutter","KK-08",140,7,40,4830.326171875,12.875,7.85714292526245
"68437","Vallecitos Elementary","San Diego","KK-08",235,13.6999998092651,51,5621.68798828125,16.6229991912842,39.5744667053223
"67918","Victor Elementary","San Bernardino","KK-06",8294,371.100006103516,1295,4948.8681640625,12.5498828887939,10.1278028488159
"66696","Savanna Elementary","Orange","KK-06",2409,108.660003662109,354,5100.9755859375,14.2585716247559,27.5217914581299
"71001","West Side Union Elementary","Sonoma","KK-06",150,8.25,16,5132.78857421875,18.326000213623,14
"69971","Enterprise Elementary","Shasta","KK-08",3981,210,606,5358.51708984375,12.7491426467896,8.84200000762939
"71621","Red Bluff Union Elementary","Tehama","KK-08",2326,117.800003051758,345,5149.1865234375,11.4259996414185,6.40584659576416
"72363","Jamestown Elementary","Tuolumne","KK-08",501,30.5,163,5373.20654296875,8.82999992370605,2.39520978927612
"70482","Weed Union Elementary","Siskiyou","KK-08",470,28.2700004577637,48,6485.166015625,11.1759996414185,5.95744705200195
"63032","South Bay Union Elementary","Humboldt","KK-06",575,35.0999984741211,59,5504.025390625,14.2279996871948,8.17391300201416
"61655","Brentwood Union Elementary","Contra Costa","KK-08",3519,175.300003051758,789,5105.734375,15.0270004272461,15.4589366912842
"72405","Summerville Elementary","Tuolumne","KK-08",474,26.3400001525879,61,5634.73095703125,10.5209999084473,0
"66860","Ophir Elementary","Placer","KK-08",223,11.5,60,4980.29443359375,18.6259994506836,0
"70821","Montgomery Elementary","Sonoma","KK-08",92,5.59999990463257,22,6113.85986328125,22.5289993286133,0
"70912","Santa Rosa Elementary","Sonoma","KK-06",4971,297.140014648438,500,5850,18.2983894348145,31.8245830535889
"71266","Salida Union Elementary","Stanislaus","KK-08",2617,107.194999694824,226,4547.94482421875,11.8857498168945,12.8009166717529
"70128","Shasta Union Elementary","Shasta","KK-08",242,13.25,32,5011.84033203125,9.92599964141846,0
"62802","Fortuna Union Elementary","Humboldt","KK-08",780,41.1500015258789,75,5261.37060546875,14.1969995498657,3.84615397453308
"72090","Rockford  Elementary","Tulare","KK-08",324,15.3999996185303,50,4276.115234375,9.63000011444092,2.46913576126099
"62638","Plaza Elementary","Glenn","KK-08",140,6.75,25,4566.27001953125,10.6389999389648,10.7142858505249
"70813","Monte Rio Union Elementary","Sonoma","KK-08",181,10,26,6049.4951171875,14.4750003814697,0
"64105","Janesville Union Elementary","Lassen","KK-08",516,26,65,4974.28125,13.4670000076294,1.93798446655273
"63172","Magnolia Union Elementary","Imperial","KK-08",108,5,25,4432.47802734375,9.66499996185303,4.62962961196899
"64188","Shaffer Union Elementary","Lassen","KK-08",419,18.6700000762939,58,4924.619140625,12.7080001831055,5.25059652328491
"66506","Fullerton Elementary","Orange","KK-08",12567,546.049987792969,1099,4603.65966796875,17.8229999542236,27.5403823852539
"70649","Cinnabar Elementary","Sonoma","KK-06",287,16.1700000762939,65,5973.92529296875,17.1560001373291,14.9825782775879
"69278","Santa Barbara Elementary","Santa Barbara","KK-08",6201,339.100006103516,634,5215.94384765625,19.589635848999,47.8793754577637
"63016","Rohnerville Elementary","Humboldt","KK-08",577,29.9500007629395,134,4882.23681640625,14.1969995498657,0
"71431","Pleasant Grove Joint Union Elementary","Sutter","KK-08",170,7.5,41,4145.8359375,11.9119997024536,1.76470601558685
"73700","Mountain Union Elementary","Shasta","KK-08",164,8.5,36,7542.0380859375,13.3859996795654,0
"63784","South Fork Union Elementary","Kern","KK-08",382,22,75,5247.01806640625,11.5539999008179,0
"68155","Jamul-Dulzura Union Elementary","San Diego","KK-08",1221,61.5999984741211,250,5169.81494140625,19.0259990692139,7.28910732269287
"69765","Live Oak Elementary","Santa Cruz","KK-08",2214,108.349998474121,213,5951.005859375,16.4069995880127,17.028003692627
"67116","Menifee Union Elementary","Riverside","KK-08",4523,215,409,4746.572265625,14.0579996109009,10.4355516433716
"63552","Lakeside Union Elementary","Kern","KK-08",793,39.7999992370605,49,4944.09228515625,19.068000793457,2.26986122131348
"69724","Whisman Elementary","Santa Clara","KK-08",1678,88.2699966430664,254,6306.4873046875,20.7700004577637,28.2479133605957
"63180","McCabe Union Elementary","Imperial","KK-08",536,22.5,35,4260.306640625,10.2639999389648,8.76865673065186
"68551","Lammersville Elementary","San Joaquin","KK-08",307,15.8500003814697,36,4718.1630859375,14.5780000686646,7.49185657501221
"71563","Lassen View Union Elementary","Tehama","KK-08",347,17.5,56,4751.2998046875,10.2019996643066,9.79827117919922
"62927","Loleta Union Elementary","Humboldt","KK-08",168,11.0100002288818,30,5653.45361328125,12.5019998550415,12.5
"70045","Junction Elementary","Shasta","KK-08",532,31,81,5920.25341796875,13.9060001373291,0
"64931","Rosemead Elementary","Los Angeles","KK-08",3272,150,374,4825.5908203125,9.98600006103516,31.2041549682617
"66332","Grass Valley Elementary","Nevada","KK-08",2045,107.209999084473,268,5532.58203125,13.7119998931885,1.36919319629669
"71829","Buena Vista Elementary","Tulare","KK-08",156,6.05000019073486,7,3926.06958007812,10.0979995727539,9.61538505554199
"63545","Kernville Union Elementary","Kern","KK-08",1129,61.9900016784668,164,5805.63671875,11.2910003662109,0
"67348","Galt Joint Union Elementary","Sacramento","KK-08",3669,201.970001220703,500,4899.23974609375,13.2250003814697,24.2572898864746
"67553","Southside Elementary","San Benito","KK-08",157,9.25,19,4884.8623046875,13.6300001144409,9.55414009094238
"68189","Lakeside Union Elementary","San Diego","KK-08",4928,229.199996948242,618,5139.9375,14.6230001449585,5.92532444000244
"71423","Nuestro Elementary","Sutter","KK-08",103,5,13,5249.36474609375,8.77600002288818,0.970873773097992
"61994","Alvina Elementary","Fresno","KK-08",175,10.3000001907349,17,5399.0703125,10.3380002975464,18.2857131958008
"61762","Oakley Union Elementary","Contra Costa","KK-08",4153,199.860000610352,241,4965.2900390625,16.3229999542236,4.9843487739563
"70268","Etna Union Elementary","Siskiyou","KK-06",280,18.0499992370605,67,6210.3232421875,10.6563329696655,4.28571462631226
"68544","Jefferson Elementary","San Joaquin","KK-08",865,43.5,96,4797.50341796875,14.5780000686646,3.35260105133057
"69377","Berryessa Union Elementary","Santa Clara","KK-08",8735,408.200012207031,1120,5397.16162109375,18.6305999755859,32.7074966430664
"63958","Kit Carson Union Elementary","Kings","KK-08",412,20.1000003814697,72,5078.5,11.1160001754761,9.46601963043213
"71290","Sylvan Union Elementary","Stanislaus","KK-08",6373,329.119995117188,624,4733.74658203125,14.5976667404175,6.26078748703003
"68635","Oak View Union Elementary","San Joaquin","KK-08",332,18.7999992370605,73,4963.06005859375,15.4930000305176,13.2530126571655
"66787","Auburn Union Elementary","Placer","KK-08",2903,138.119995117188,192,5431.17724609375,16.2719993591309,3.16913533210754
"67504","North County Joint Union Elementary","San Benito","KK-08",565,29.6499996185303,60,5382.0888671875,13.6300001144409,16.9911499023438
"61945","Pioneer Union Elementary","El Dorado","KK-08",586,26,78,5724.44189453125,12.3940000534058,0.853242337703705
"67645","Central Elementary","San Bernardino","KK-08",5068,240.100006103516,626,4843.42724609375,15.331000328064,6.64956569671631
"70094","Pacheco Union Elementary","Shasta","KK-08",859,42.8400001525879,118,5730.34912109375,12.6660003662109,0.116414435207844
"66316","Chicago Park Elementary","Nevada","KK-08",145,10.210000038147,20,5635.7861328125,13.7119998931885,0
"68874","Brisbane Elementary","San Mateo","KK-08",649,35.125,155,5671.6572265625,17.7803344726562,6.93374443054199
"63883","Central Union Elementary","Kings","KK-08",1789,96,435,7070.63330078125,10.5566673278809,9.55841255187988
"70011","Happy Valley Union Elementary","Shasta","KK-08",775,37,50,5097.34326171875,10.5229997634888,0.903225779533386
"61572","Mark Twain Union Elementary","Calaveras","KK-08",777,36.8499984741211,148,5482.67724609375,13.2430000305176,1.15830111503601
"65458","San Rafael City Elementary","Marin","KK-08",3518,188.199996948242,419,5642.83203125,22.4729995727539,40.1080169677734
"67991","Cajon Valley Union Elementary","San Diego","KK-08",19294,924.570007324219,2401,5280.0234375,15.6846542358398,16.6632118225098
"69393","Campbell Union Elementary","Santa Clara","KK-08",7661,386.420013427734,1158,5433.33984375,23.4837493896484,21.955358505249
"71365","Browns Elementary","Sutter","KK-08",158,8,34,4529.28369140625,11.6490001678467,8.86075973510742
"66324","Clear Creek Elementary","Nevada","KK-08",117,6,42,6039.98583984375,16.3560009002686,0.854700922966003
"63057","Trinidad Union Elementary","Humboldt","KK-08",160,8.69999980926514,37,6168.2294921875,14.0740003585815,0
"70722","Guerneville Elementary","Sonoma","KK-08",511,27.2000007629395,30,5774.97021484375,13.4370002746582,3.91389417648315
"69013","San Bruno Park Elementary","San Mateo","KK-08",2770,140.110000610352,296,4806.76171875,18.3379993438721,11.9494590759277
"71472","Antelope Elementary","Tehama","KK-08",551,28.5,46,4840.93603515625,11.4259996414185,3.99274039268494
"66472","Centralia Elementary","Orange","KK-06",5205,242.5,474,4954.46630859375,15.7499170303345,22.9394817352295
"67702","Etiwanda Elementary","San Bernardino","KK-08",6437,278.839996337891,622,4023.53173828125,15.7790002822876,2.48563003540039
"65169","Wiseburn Elementary","Los Angeles","KK-08",1712,81.2799987792969,122,5179.4111328125,14.0620002746582,9.87149524688721
"63024","Scotia Union Elementary","Humboldt","KK-08",370,19.7999992370605,56,4385.2294921875,12.173999786377,0.54054057598114
"67785","Mountain View Elementary","San Bernardino","KK-08",3182,153.199996948242,328,4777.5126953125,12.8999996185303,8.95663166046143
"68791","Pleasant Valley Joint Union Elementary","San Luis Obispo","KK-06",139,7.19999980926514,32,4862.79052734375,10.9709997177124,6.47481966018677
"69625","Oak Grove Elementary","Santa Clara","KK-08",11855,588.840026855469,1507,5486.02978515625,17.4351997375488,20.7254314422607
"61960","Pollock Pines Elementary","El Dorado","KK-08",1068,51.6699981689453,129,5486.38232421875,14.7600002288818,0.187265917658806
"64345","Castaic Union Elementary","Los Angeles","KK-08",2295,103,224,4631.24365234375,14.6029996871948,13.9869289398193
"63255","Bishop Union Elementary","Inyo","KK-08",1510,73.3000030517578,141,5189.6279296875,13.5223331451416,8.74172115325928
"69138","Buellton Union Elementary","Santa Barbara","KK-08",579,27.7999992370605,60,4600.6064453125,16.6690006256104,20.0345420837402
"75135","Chawanakee Jt. Elementary","Madera","KK-08",1012,52.6399993896484,140,6735.775390625,13.5222501754761,1.38339924812317
"70508","Yreka Union Elementary","Siskiyou","KK-08",1212,68.6500015258789,107,5475.1728515625,12.5179996490479,2.06270623207092
"70599","Alexander Valley Union Elementary","Sonoma","KK-06",119,7,23,5990.79443359375,18.326000213623,28.5714302062988
"66415","Twin Ridges Elementary","Nevada","KK-08",590,35.7625007629395,78,7203.24658203125,11.4659996032715,0.169491529464722
"72173","Sundale Union Elementary","Tulare","KK-08",546,27.6000003814697,60,4777.76904296875,10.0979995727539,13.7362642288208
"72207","Three Rivers Union Elementary","Tulare","KK-08",248,11.1199998855591,51,4302.8349609375,15.3649997711182,0
"72348","Columbia Union Elementary","Tuolumne","KK-08",461,26,150,5630.19482421875,10.3113327026367,0.216919749975204
"65102","Westside Union Elementary","Los Angeles","KK-08",6312,308.679992675781,496,4708.625,16.9866256713867,3.12103939056396
"65649","Ballico-Cressey Elementary","Merced","KK-08",285,13.9899997711182,62,5629.96142578125,9.61200046539307,47.3684234619141
"68973","Millbrae Elementary","San Mateo","KK-08",2325,115.300003051758,302,4890.98681640625,21.1105003356934,22.7096786499023
"69435","Evergreen Elementary","Santa Clara","KK-08",11885,549.840026855469,1790,4929.39306640625,16.4733123779297,29.1207408905029
"70730","Harmony Union Elementary","Sonoma","KK-08",564,27.4300003051758,46,4905.22119140625,18.3689994812012,4.43262434005737
"63362","Panama Buena Vista Union Elementary","Kern","KK-08",12380,620.380004882812,1671,5156.85693359375,16.6541118621826,4.81421661376953
"68932","Laguna Salada Union Elementary","San Mateo","KK-08",3772,178.059997558594,529,4941.78759765625,18.5442218780518,5.24920463562012
"72371","Sonora Elementary","Tuolumne","KK-08",895,47.5800018310547,70,5408.78173828125,14.1800003051758,1.89944136142731
"66910","Roseville City Elementary","Placer","KK-08",5714,277.670013427734,489,4981.3876953125,18.0295543670654,8.66293334960938
"71084","Gratton Elementary","Stanislaus","KK-08",105,5.73000001907349,16,4877.08642578125,13.5860004425049,10.4761905670166
"64196","Susanville Elementary","Lassen","KK-08",1449,76.9899978637695,125,5111.7392578125,12.6400003433228,1.24223601818085
"69872","Bella Vista Elementary","Shasta","KK-08",510,24.5,95,5201.515625,11.1029996871948,0
"71852","Columbine Elementary","Tulare","KK-08",160,8,39,4138.3056640625,7.5,9.375
"64626","Hughes-Elizabeth Lakes Union Elementary","Los Angeles","KK-08",433,22,50,5743.59716796875,15.5059995651245,1.38568139076233
"69591","Mountain View Elementary","Santa Clara","KK-08",3186,164.309997558594,411,5702.705078125,22.8414001464844,35.3421211242676
"65045","Sulphur Springs Union Elementary","Los Angeles","KK-06",5010,239.399993896484,576,4802.15283203125,19.8231258392334,9.64071846008301
"70680","Forestville Union Elementary","Sonoma","KK-08",717,35.9500007629395,100,5442.14306640625,16.3470001220703,2.23152017593384
"63750","Rosedale Union Elementary","Kern","KK-08",3548,170.649993896484,335,4522.37548828125,16.2929992675781,0.366403609514236
"69948","Columbia Elementary","Shasta","KK-08",868,45.2000007629395,78,4965.80810546875,13.2480001449585,0.576036870479584
"66795","Colfax Elementary","Placer","KK-08",507,26.6499996185303,60,5358.326171875,14.0100002288818,0
"70425","Mt. Shasta Union Elementary","Siskiyou","KK-08",822,46.6500015258789,105,5784.625,14.1630001068115,0.851581513881683
"70870","Piner-Olivet Union Elementary","Sonoma","KK-06",1792,88.5500030517578,143,5072.70458984375,15.7709999084473,5.52455377578735
"65185","Bass Lake Joint Elementary","Madera","KK-08",1202,62.2999992370605,190,5556.041015625,14.4833326339722,0
"62745","Cutten Elementary","Humboldt","KK-06",515,27.3500003814697,58,5190.31005859375,14.2089996337891,0
"61952","Placerville Union Elementary","El Dorado","KK-08",1354,66.5699996948242,263,5211.4853515625,15.1669998168945,2.43722319602966
"71035","Wright Elementary","Sonoma","KK-06",1252,65.1100006103516,113,5284.1640625,12.5842504501343,20.766773223877
"71522","Evergreen Union Elementary","Tehama","KK-08",823,46,127,5331.9208984375,10.5509996414185,2.18712043762207
"70847","Old Adobe Union Elementary","Sonoma","KK-06",2231,114.300003051758,258,5599.60791015625,16.9559993743896,13.6261758804321
"71019","Wilmar Union Elementary","Sonoma","KK-06",271,14.1999998092651,81,4881.8994140625,17.7089996337891,13.2841329574585
"66761","Ackerman Elementary","Placer","KK-08",309,15.5,85,4700.43212890625,16.2719993591309,1.94174754619598
"69815","Santa Cruz City Elementary","Santa Cruz","KK-06",3005,159.220001220703,308,5650,17.9008007049561,23.0615653991699
"62679","Arcata Elementary","Humboldt","KK-08",966,47.9599990844727,114,5318.24072265625,11.8339996337891,0.621118009090424
"67595","Alta Loma Elementary","San Bernardino","KK-08",7710,327.299987792969,814,4709.05419921875,18.6201992034912,3.25551223754883
"66837","Foresthill Union Elementary","Placer","KK-08",762,35.5,54,5143.1904296875,12.4309997558594,0
"61929","Mother Lode Union Elementary","El Dorado","KK-08",1708,89,206,5133.009765625,15.1669998168945,2.22482442855835
"66613","Ocean View Elementary","Orange","KK-08",9850,489.299987792969,1113,5081.45556640625,20.8757495880127,18.5583763122559
"62596","Lake Elementary","Glenn","KK-08",129,5,10,4016.41625976562,10.6389999389648,6.20155048370361
"69039","San Mateo-Foster City Elementary","San Mateo","KK-08",10619,565.510009765625,1150,5374.05029296875,25.0296192169189,18.4574813842773
"69195","Goleta Union Elementary","Santa Barbara","KK-06",4521,236.580001831055,494,5427.548828125,16.7578010559082,32.0725517272949
"67736","Helendale Elementary","San Bernardino","KK-08",580,29.4400005340576,114,5179.64453125,15.2969999313354,3.96551704406738
"70854","Petaluma City Elementary","Sonoma","KK-06",2569,138,326,5400,17.3694458007812,15.3367071151733
"69690","Sunnyvale Elementary","Santa Clara","KK-08",6022,286.799987792969,756,5726.146484375,22.0960006713867,27.6652278900146
"69179","College Elementary","Santa Barbara","KK-08",670,33.5,47,5003.8701171875,22.8419990539551,12.537314414978
"68197","La Mesa-Spring Valley","San Diego","KK-08",14708,700.940002441406,1962,4969.51123046875,18.3198757171631,12.6801748275757
"66530","Huntington Beach City Elementary","Orange","KK-08",6601,305,706,4747.2958984375,25.0300006866455,6.90804433822632
"69336","Solvang Elementary","Santa Barbara","KK-08",675,33.7000007629395,87,4543.30517578125,21.9570007324219,14.9629621505737
"69849","Soquel Elementary","Santa Cruz","KK-08",2458,124.069999694824,193,5229.59130859375,18.7968330383301,11.2693252563477
"62554","Capay Joint Union Elementary","Glenn","KK-08",144,8,14,4507.35302734375,10.6389999389648,9.72222232818604
"70714","Gravenstein Union Elementary","Sonoma","KK-08",573,29.6000003814697,48,5302.6279296875,17.507999420166,3.31588125228882
"66381","Pleasant Valley Elementary","Nevada","KK-08",721,35.7299995422363,82,5545.6103515625,18.5930004119873,0.693481266498566
"63990","Pioneer Union Elementary","Kings","KK-08",992,46.9700012207031,160,4615.90869140625,11.1160001754761,5.14112901687622
"68361","Santee Elementary","San Diego","KK-08",8432,360.5,0,5397.689453125,14.0976667404175,4.96916532516479
"64113","Johnstonville Elementary","Lassen","KK-08",244,11,15,5118.373046875,12.6400003433228,6.96721315383911
"72553","Pleasant Valley Elementary","Ventura","KK-08",7116,356.820007324219,785,5008.07080078125,20.9364280700684,7.99606513977051
"72355","Curtis Creek Elementary","Tuolumne","KK-08",830,46.6599998474121,95,4906.0302734375,14.1800003051758,0.48192772269249
"70300","Fort Jones Union Elementary","Siskiyou","KK-06",160,10.8800001144409,38,6870.34619140625,11.826000213623,2.5
"70805","Mark West Union Elementary","Sonoma","KK-06",1588,83.4000015258789,220,5301.71630859375,18.6709995269775,3.84131002426147
"67967","Alpine Union Elementary","San Diego","KK-08",2272,108.75,307,5182.36572265625,17.3320007324219,1.32042253017426
"70938","Sebastopol Union Elementary","Sonoma","KK-08",1425,71.8300018310547,65,4999.46875,17.507999420166,4.91228055953979
"62828","Freshwater Elementary","Humboldt","KK-06",245,12.5500001907349,30,6732.06640625,15.5719995498657,0
"63693","Norris Elementary","Kern","KK-08",1349,65.2125015258789,259,4612.98974609375,15.56725025177,0.222386956214905
"72132","Springville Union Elementary","Tulare","KK-08",400,22,65,5478.845703125,15.7519998550415,0
"69575","Moreland Elementary","Santa Clara","KK-08",4632,245.179992675781,637,5666.7138671875,20.4699993133545,17.8540592193604
"63610","Maple Elementary","Kern","KK-08",224,9,15,4742.51416015625,9.70899963378906,4.4642858505249
"63941","Kings River-Hardwick Union Elementary","Kings","KK-08",576,31,92,4907.392578125,11.1160001754761,9.54861164093018
"68163","Julian Union Elementary","San Diego","KK-08",451,25,75,5700.40234375,16.3209991455078,3.99113082885742
"68007","Cardiff Elementary","San Diego","KK-06",900,50.75,145,5191.83447265625,21.9669990539551,20.6666660308838
"72108","Saucelito Elementary","Tulare","KK-08",118,5.5,10,4451.2568359375,8.93400001525879,7.6271185874939
"67975","Bonsall Union Elementary","San Diego","KK-08",1457,73.129997253418,0,5627.52783203125,19.9969997406006,27.4536724090576
"66480","Cypress Elementary","Orange","KK-06",4734,232.75,586,4922.93994140625,18.8272304534912,10.8576259613037
"64766","Lowell Joint Elementary","Los Angeles","KK-08",3303,146.5,379,4969.380859375,18.1186656951904,5.02573394775391
"64832","Newhall Elementary","Los Angeles","KK-06",6055,286.920013427734,540,4829.71728515625,23.6673755645752,14.2361688613892
"65359","Lagunitas Elementary","Marin","KK-08",424,23.2999992370605,39,6716.69287109375,22.1389999389648,0.235849052667618
"69385","Cambrian Elementary","Santa Clara","KK-08",2801,139.300003051758,615,5205.94189453125,20.5459995269775,2.0706889629364
"71654","Richfield Elementary","Tehama","KK-08",187,9.76000022888184,37,4357.826171875,9.48499965667725,8.55614948272705
"62794","Fieldbrook Elementary","Humboldt","KK-08",129,6.59999990463257,17,5195.9189453125,11.8339996337891,0
"68049","Dehesa Elementary","San Diego","KK-06",188,9,41,6002.07177734375,18.798999786377,4.78723430633545
"69955","Cottonwood Union Elementary","Shasta","KK-08",1212,65.9000015258789,116,5090.587890625,10.5509996414185,3.96039605140686
"63479","Fruitvale Elementary","Kern","KK-08",2596,135.350006103516,249,5112.39013671875,15.5190000534058,1.57935285568237
"69708","Union Elementary","Santa Clara","KK-08",4925,253.89599609375,753,5287.35498046875,21.6317272186279,3.5939085483551
"66498","Fountain Valley Elementary","Orange","KK-08",6257,288.630004882812,930,4889.47998046875,21.0957508087158,8.72622680664062
"61879","Gold Oak Union Elementary","El Dorado","KK-08",868,45,122,5118.13037109375,15.1669998168945,0
"61838","Buckeye Union Elementary","El Dorado","KK-08",3787,186.100006103516,934,5119.123046875,19.117000579834,0.264061272144318
"75085","Rocklin Unified","Placer","KK-08",6423,306.380004882812,855,4792.21142578125,17.6200008392334,1.44792151451111
"61887","Gold Trail Union Elementary","El Dorado","KK-08",678,34.8400001525879,47,5450.103515625,15.1669998168945,0.147492617368698
"62885","Hydesville Elementary","Humboldt","KK-08",162,8.39999961853027,23,5210.724609375,10.6429996490479,0
"64998","Saugus Union Elementary","Los Angeles","KK-06",8529,407.700012207031,834,4715.44580078125,20.7390556335449,3.70500636100769
"66845","Loomis Union Elementary","Placer","KK-08",1862,89.0899963378906,231,4632.068359375,21.5659999847412,0.268528461456299
"66886","Placer Hills Union Elementary","Placer","KK-08",1452,70.5,183,5028.5615234375,17.6560001373291,0
"70672","Dunham Elementary","Sonoma","KK-06",155,8,32,5695.466796875,17.7089996337891,4.51612901687622
"69021","San Carlos Elementary","San Mateo","KK-08",2536,127.110000610352,343,4504.294921875,27.8159999847412,2.44479489326477
"66399","Ready Springs Union Elementary","Nevada","KK-08",567,30.0799999237061,103,5156.43701171875,18.5930004119873,0
"65219","Coarsegold Union Elementary","Madera","KK-08",953,52.5999984741211,135,5433.51416015625,14.2629995346069,0
"68726","Cayucos Elementary","San Luis Obispo","KK-08",296,15.4300003051758,42,5254.6318359375,22.757999420166,5.40540552139282
"64170","Richmond Elementary","Lassen","KK-08",198,9,24,4593.19677734375,12.6400003433228,0
"62109","Clay Joint Elementary","Fresno","KK-08",218,10.1000003814697,49,4320.6787109375,11.2379999160767,6.42201805114746
"70995","Waugh Elementary","Sonoma","KK-06",734,36,117,4920.77734375,16.9559993743896,6.53950929641724
"70979","Two Rock Union Elementary","Sonoma","KK-06",189,11.6000003814697,50,6905.869140625,17.7089996337891,14.2857151031494
"68866","Belmont-Redwood Shores Elementary","San Mateo","KK-08",2528,138.309997558594,482,5729.904296875,25.6219997406006,3.67879748344421
"61978","Rescue Union Elementary","El Dorado","KK-08",2987,154.169998168945,290,4825.2021484375,18.7259998321533,0.502176105976105
"66779","Alta-Dutch Flat Union Elementary","Placer","KK-08",208,11,21,5388.17041015625,13.4429998397827,0
"68353","San Pasqual Union Elementary","San Diego","KK-08",379,23.1000003814697,29,5133.8271484375,15.1800003051758,22.6912937164307
"61911","Latrobe Elementary","El Dorado","KK-08",145,9.30000019073486,27,5346.15625,19.117000579834,0
"66407","Union Hill Elementary","Nevada","KK-08",706,37.7400016784668,103,4789.30908203125,13.7119998931885,0.141643062233925
"70961","Twin Hills Union Elementary","Sonoma","KK-08",878,47.9000015258789,105,5329.7822265625,17.507999420166,2.73348522186279
"62976","Pacific Union Elementary","Humboldt","KK-08",594,33.1800003051758,75,5371.1728515625,11.8339996337891,1.68350172042847
"71696","Douglas City Elementary","Trinity","KK-08",139,7.34999990463257,40,5771.3837890625,13.2729997634888,0
"66373","Pleasant Ridge Union Elementary","Nevada","KK-08",2089,102.779998779297,318,4993.634765625,16.3560009002686,0.143609374761581
"66852","Newcastle Elementary","Placer","KK-08",326,16.2800006866455,42,4854.0380859375,18.6259994506836,0
"72470","Mesa Union Elementary","Ventura","KK-08",516,21.5,50,4392.6796875,23.7329998016357,11.0465116500854
"71787","Weaverville Elementary","Trinity","KK-08",449,25.5,50,5884.43212890625,12.9340000152588,0
"70078","North Cow Creek Elementary","Shasta","KK-08",297,15.3500003814697,70,4273.9931640625,13.9060001373291,0
"66340","Nevada City Elementary","Nevada","KK-08",1579,80.2399978637695,165,5146.7841796875,15.4280004501343,0.0633312240242958
"62893","Jacoby Creek Elementary","Humboldt","KK-08",383,20.4500007629395,49,5351.52294921875,15.3809995651245,0
"70698","Fort Ross Elementary","Sonoma","KK-08",81,5.09999990463257,14,7667.57177734375,22.5289993286133,0
"68080","Encinitas Union Elementary","San Diego","KK-06",5259,262.230010986328,701,5281.708984375,23.8060989379883,15.0598974227905
"65318","Dixie Elementary","Marin","KK-08",1960,108.959999084473,223,5368.5029296875,24.6030006408691,1.47959184646606
"69492","Lakeside Joint Elementary","Santa Clara","KK-06",151,8.89999961853027,31,6429.25732421875,36.173999786377,2.64900660514832
"64600","Hermosa Beach City Elementary","Los Angeles","KK-08",946,49.1699981689453,310,5387.458984375,33.4550018310547,1.47991538047791
"70896","Rincon Valley Union Elementary","Sonoma","KK-06",2707,141.020004272461,300,5235.77490234375,20.4802227020264,4.46989297866821
"66233","Washington Union Elementary","Monterey","KK-08",919,46.8899993896484,141,4829.896484375,20.1340007781982,0.326441794633865
"70623","Bennett Valley Union Elementary","Sonoma","KK-06",945,46,216,5088.7080078125,19.3465003967285,2.53968262672424
"69500","Loma Prieta Joint Union Elemen","Santa Clara","KK-08",738,39.7019996643066,220,5390.1181640625,36.173999786377,0.54200541973114
"70789","Kenwood Elementary","Sonoma","KK-06",164,10.5100002288818,35,6588.4306640625,22.8633346557617,11.5853662490845
"70797","Liberty Elementary","Sonoma","KK-06",167,10.9200000762939,29,6196.69482421875,17.7089996337891,11.3772449493408
"71142","Knights Ferry Elementary","Stanislaus","KK-08",125,7.07999992370605,25,4645.4130859375,14.1770000457764,0
"65334","Kentfield Elementary","Marin","KK-08",1091,62.060001373291,113,6489.9287109375,41.0929985046387,1.37488543987274
"69104","Ballard Elementary","Santa Barbara","KK-06",134,6,27,5094.958984375,21.9570007324219,2.2388060092926
"70839","Oak Grove Union Elementary","Sonoma","KK-08",600,32,55,4841.95849609375,16.0639991760254,5.33333349227905
"75002","Ross Valley Elementary","Marin","KK-08",1803,99.5999984741211,283,6315.3125,25.7369995117188,2.77315592765808
"69773","Mountain Elementary","Santa Cruz","KK-06",158,7.80000019073486,15,5399.38330078125,20.4740009307861,0
"68882","Burlingame Elementary","San Mateo","KK-08",2392,127.220001220703,439,5429.4736328125,35.810001373291,17.7257518768311
"70003","Grant Elementary","Shasta","KK-08",526,28.0200004577637,33,5644.2861328125,13.5670003890991,0
"69757","Happy Valley Elementary","Santa Cruz","KK-06",141,6.90999984741211,44,6060.2568359375,20.0890007019043,0
"69732","Bonny Doon Union Elementary","Santa Cruz","KK-06",235,12.6000003814697,30,5319.5537109375,18.2830009460449,0.425531893968582
"61812","Walnut Creek Elementary","Contra Costa","KK-08",3280,158.399993896484,406,4819.90380859375,25.2397155761719,6.06707334518433
"69211","Hope Elementary","Santa Barbara","KK-06",1254,57,0,5208.22607421875,25.0629997253418,10.1275911331177
"65367","Larkspur Elementary","Marin","KK-08",948,53.560001373291,155,5859.96484375,30.6284999847412,3.37552738189697
"69419","Cupertino Union Elementary","Santa Clara","KK-08",15228,708.830017089844,2232,4962.73681640625,27.4752159118652,8.6485424041748
"69781","Pacific Elementary","Santa Cruz","KK-06",81,4.84999990463257,21,7614.37939453125,30.8400001525879,12.3456792831421
"69526","Los Gatos Union Elementary","Santa Clara","KK-08",2768,141.399993896484,540,5566.4677734375,34.1595001220703,1.58959531784058
"69252","Montecito Union Elementary","Santa Barbara","KK-06",535,31,84,7039.94921875,43.2299995422363,1.4953271150589
"68387","Solana Beach Elementary","San Diego","KK-06",2542,146.300003051758,404,6604.06396484375,27.9477500915527,10.3855228424072
"68965","Menlo Park City Elementary","San Mateo","KK-08",1940,111.819999694824,265,6180.14892578125,49.9389991760254,6.13402032852173
"65425","Reed Union Elementary","Marin","KK-08",1059,65.120002746582,272,6460.6572265625,55.3279991149902,2.2662889957428
"65391","Mill Valley Elementary","Marin","KK-08",2340,132.199996948242,403,6415.35498046875,35.4809989929199,2.47863245010376
"61713","Lafayette Elementary","Contra Costa","KK-08",3469,172.339996337891,496,5230.876953125,34.3009986877441,0.893629252910614
"68056","Del Mar Union Elementary","San Diego","KK-06",2106,115.300003051758,300,5838.171875,38.6285705566406,2.42165231704712
"69088","Woodside Elementary","San Mateo","KK-08",478,32.8699989318848,112,7711.5068359375,35.3419990539551,3.76569032669067
"61747","Moraga Elementary","Contra Costa","KK-08",1885,98.4199981689453,241,5592.76513671875,31.0520000457764,1.96286475658417
"61770","Orinda Union Elementary","Contra Costa","KK-08",2422,139.470001220703,466,5933.154296875,40.2639999389648,0.578034639358521
"68908","Hillsborough City Elementary","San Mateo","KK-08",1318,87.0599975585938,412,7593.40576171875,35.810001373291,2.80728387832642
"69161","Cold Spring Elementary","Santa Barbara","KK-06",220,12.3299999237061,22,6500.44970703125,43.2299995422363,1.36363637447357
"68981","Portola Valley Elementary","San Mateo","KK-08",687,44.5900001525879,209,7217.26318359375,50.6769981384277,1.16448330879211
"69682","Saratoga Union Elementary","Santa Clara","KK-08",2341,124.089996337891,286,5392.638671875,40.4020004272461,2.05040574073792
"68957","Las Lomitas Elementary","San Mateo","KK-08",984,59.7299995422363,195,7290.3388671875,28.7169990539551,5.99593496322632
"69518","Los Altos Elementary","Santa Clara","KK-08",3724,208.479995727539,721,5741.462890625,41.7341079711914,4.72610092163086
"72611","Somis Union Elementary","Ventura","KK-08",441,20.1499996185303,45,4402.83154296875,23.7329998016357,24.2630386352539
"72744","Plumas Elementary","Yuba","KK-08",101,5,14,4776.33642578125,9.95199966430664,2.97029709815979
"72751","Wheatland Elementary","Yuba","KK-08",1778,93.4000015258789,313,5993.392578125,12.5019998550415,5.00562429428101
