"pair","date","year","village","district","vilno","disno","treat","poverty","pop2000","lpop2000","pret","pret.1","diff","groznyy","elevation","lelev","tariq","nn","lnn","reb","garrison","vildays","deaths","deathsd","wounded","woundedd","fail","swept","prop","propd","lprop","history","historyd","lhistory","change","decrease","increase","abandon","iso"
1,"6/1/2000",2000,"Elistanzhi","Vedenskiy",36,15,0,3,1845,7.52023506164551,4,4,-1,0,702,6.55393409729004,0,2.84699988365173,1.04626595973969,1,1,28,NA,NA,NA,NA,1,0,NA,NA,NA,NA,NA,NA,-1,1,0,0,4
1,"6/1/2000",2000,"Malye Shuani","Nozhai-Yurtovskiy",79,9,1,3,323,5.7776517868042,0,0,1,0,670,6.50727701187134,0,1.48160004615784,0.393122613430023,1,0,5,0,0,0,0,1,0,0,0,0,0,0,0,1,0,1,3,6
2,"6/5/2000",2000,"Belgatoy","Shalinskiy",15,10,1,2,3395,8.13005924224854,1,1,-1,0,809,6.69579887390137,0,4.80000019073486,1.5686160326004,1,0,90,34,1,0,0,0,0,0,0,0,0,0,0,-1,1,0,2,0
2,"6/5/2000",2000,"Oktya'brskoe","Vedenskiy",98,15,0,3,2724,7.90985679626465,0,0,0,0,667,6.50278997421265,0,1.48160004615784,0.393122613430023,1,0,90,NA,NA,NA,NA,0,0,NA,NA,NA,NA,NA,NA,0,0,0,0,5
3,"6/5/2000",2000,"Chiri-Yurt","Shalinskiy",24,10,0,2,11316,9.3339729309082,4,4,1,0,313,5.74620294570923,0,1.192999958992,0.176471099257469,1,1,25,NA,NA,NA,NA,1,0,NA,NA,NA,NA,NA,NA,1,0,1,0,4
3,"6/5/2000",2000,"Gansolchu","Nozhai-Yurtovskiy",40,9,1,3,823,6.71295595169067,0,0,0,0,738,6.60394382476807,0,1.79999995231628,0.587786614894867,1,0,90,0,0,0,0,0,0,2,1,1.09861195087433,0,0,0,0,0,0,0,5
4,"6/5/2000",2000,"Achkoi-Martan","Achkhoi-Martanovskiy",2,1,0,2,20350,9.92083644866943,4,4,4,0,246,5.50533199310303,0,4.67000007629395,1.54115903377533,0,1,1,NA,NA,NA,NA,1,0,NA,NA,NA,NA,NA,NA,1,0,1,0,1
4,"6/5/2000",2000,"Khidi-Khutor","Shalinskiy",65,10,1,2,42,3.73766994476318,3,3,-2,0,490,6.19440603256226,0,0.740800023078918,-0.300024598836899,1,0,11,0,0,0,0,1,0,0,0,0,0,0,0,-1,1,0,4,9
5,"6/5/2000",2000,"Agishbatoi","Vedenskiy",3,15,0,3,14,2.63905692100525,2,2,-2,0,816,6.70441389083862,0,1.48160004615784,0.393122613430023,1,0,90,NA,NA,NA,NA,0,0,NA,NA,NA,NA,NA,NA,-1,1,0,0,5
5,"6/5/2000",2000,"Shirdi-Mokhk","Vedenskiy",117,15,1,3,391,5.96870803833008,1,1,-1,0,639,6.45990514755249,0,1.66680002212524,0.510905623435974,1,0,90,0,0,0,0,0,0,0,0,0,0,0,0,-1,1,0,3,7
6,"6/5/2000",2000,"Marshen-Kali","Vedenskiy",80,15,0,3,500,6.21460819244385,0,0,0,0,1139,7.03790616989136,0,0.740800023078918,-0.300024598836899,1,0,90,NA,NA,NA,NA,0,0,NA,NA,NA,NA,NA,NA,0,0,0,1,7
6,"6/5/2000",2000,"Tazen-Kale","Vedenskiy",127,15,1,3,243,5.49306201934814,0,0,0,0,698,6.54821920394897,0,1.11119997501373,0.105440497398376,1,0,90,0,0,0,0,0,0,0,0,0,0,0,0,0,0,0,2,5
7,"6/5/2000",2000,"Duba-Yurt","Shalinskiy",30,10,0,2,955,6.86171197891235,0,0,0,0,372,5.91889381408691,0,3.01999998092651,1.10525703430176,1,0,90,NA,NA,NA,NA,0,0,NA,NA,NA,NA,NA,NA,0,0,0,0,5
7,"6/5/2000",2000,"Yalkhoy-Mokhk","Shalinskiy",141,10,1,2,1949,7.57507181167603,1,1,-1,0,398,5.98645210266113,0,1.48160004615784,0.393122613430023,1,0,90,0,0,0,0,0,0,0,0,0,0,0,0,-1,1,0,3,5
8,"6/17/2000",2000,"Ersenoi","Vedenskiy",37,15,0,3,20,2.9957320690155,0,0,0,0,754,6.62539196014404,0,2.72199988365173,1.00136697292328,1,1,90,NA,NA,NA,NA,0,0,NA,NA,NA,NA,NA,NA,0,0,0,3,10
8,"6/17/2000",2000,"Shatoi","Shatoiskiy",115,11,1,3,1669,7.4199800491333,7,7,-4,0,495,6.2045578956604,0,1.82500004768372,0.601580023765564,0,1,41,2,1,0,0,1,0,0,0,0,0,0,0,-1,1,0,7,14
9,"7/1/2000",2000,"Agishty","Shalinskiy",4,10,1,2,780,6.65929412841797,0,0,0,0,455,6.12029695510864,0,4.78800010681152,1.56611299514771,1,0,90,7,1,14,1,0,0,0,0,0,0,0,0,0,0,0,0,3
9,"7/1/2000",2000,"Serzhen-Yurt","Shalinskiy",111,10,0,2,3244,8.08456230163574,8,8,-4,0,325,5.7838249206543,0,5.23600006103516,1.65555799007416,1,0,50,NA,NA,NA,NA,1,1,NA,NA,NA,NA,NA,NA,-1,1,0,0,1
10,"7/2/2000",2000,"Shali","Shalinskiy",113,10,0,2,29011,10.275429725647,6,6,0,0,227,5.42495012283325,0,4.34999990463257,1.47017598152161,1,1,24,NA,NA,NA,NA,1,1,NA,NA,NA,NA,NA,NA,0,0,0,0,1
10,"7/2/2000",2000,"Urus-Martan","Urus-Martanovskiy",136,14,1,2,41122,10.6243000030518,2,2,2,0,234,5.45532083511353,1,3.7739999294281,1.32813501358032,0,1,90,0,0,0,0,0,1,0,0,0,2,1,1.09861195087433,1,0,1,0,3
11,"7/5/2000",2000,"Avarskoye","Shatoiskiy",11,11,0,3,125,4.82831382751465,0,0,0,0,787,6.66822814941406,0,1.4210000038147,0.351360887289047,0,0,90,NA,NA,NA,NA,0,0,NA,NA,NA,NA,NA,NA,0,0,0,2,8
11,"7/5/2000",2000,"Yermolovskiy","Groznenskiy",142,3,1,2,123,4.81218385696411,0,0,0,0,184,5.21493577957153,0,2.40759992599487,0.878630399703979,0,0,90,1,1,3,1,0,0,0,0,0,0,0,0,0,0,0,0,3
12,"7/17/2000",2000,"Agishty","Shalinskiy",4,10,1,2,780,6.65929412841797,0,0,0,0,455,6.12029695510864,0,4.78800010681152,1.56611299514771,1,0,90,7,1,14,1,0,0,0,0,0,2,1,1.09861195087433,0,0,0,0,3
12,"7/17/2000",2000,"Sel'mentauzen","Vedenskiy",110,15,0,3,1021,6.92853784561157,0,0,1,0,796,6.67959880828857,0,0.275599986314774,-1.28880500793457,1,0,10,NA,NA,NA,NA,1,0,NA,NA,NA,NA,NA,NA,1,0,1,0,4
13,"7/18/2000",2000,"Alkhan-Kala","Groznenskiy",6,3,0,2,7787,8.9602108001709,1,1,0,0,195,5.27299976348877,0,1.58399999141693,0.459953308105469,0,0,23,NA,NA,NA,NA,1,0,NA,NA,NA,NA,NA,NA,0,0,0,0,5
13,"7/18/2000",2000,"Tsotan-Yurt","Shalinskiy",134,10,1,2,9064,9.1120662689209,1,1,1,0,139,4.93447399139404,0,3.76999998092651,1.32707500457764,1,0,21,0,0,0,0,1,1,0,0,0,0,0,0,1,0,1,0,1
14,"8/5/2000",2000,"Novye Aldy","Groznenskiy",94,3,1,2,2500,7.82404613494873,4,4,-1,0,150,5.0106348991394,0,1.56500005722046,0.447885900735855,0,0,2,1,1,2,1,1,0,3,1,1.38629400730133,0,0,0,-1,1,0,0,5
14,"8/5/2000",2000,"Zakan-Yurt","Achkhoi-Martanovskiy",143,1,0,2,5464,8.60593605041504,2,2,-2,0,284,5.64897394180298,0,3.7739999294281,1.32813501358032,0,0,90,NA,NA,NA,NA,0,0,NA,NA,NA,NA,NA,NA,-1,1,0,0,3
15,"8/6/2000",2000,"Novye Aldy","Groznenskiy",94,3,1,2,2500,7.82404613494873,4,4,-1,0,150,5.0106348991394,0,1.56500005722046,0.447885900735855,0,0,1,1,1,2,1,1,0,3,1,1.38629400730133,1,1,0.6931471824646,-1,1,0,0,5
15,"8/6/2000",2000,"Shaami-Yurt","Achkhoi-Martanovskiy",112,1,0,2,3636,8.19863986968994,0,0,0,0,203,5.3132061958313,0,4.1269998550415,1.41755104064941,0,0,90,NA,NA,NA,NA,0,0,NA,NA,NA,NA,NA,NA,0,0,0,0,3
16,"8/6/2000",2000,"Kirova","Naurskiy",68,8,0,1,2100,7.64969301223755,3,3,-3,0,161,5.08140420913696,1,3.48900008201599,1.24961495399475,0,0,90,NA,NA,NA,NA,0,0,NA,NA,NA,NA,NA,NA,-1,1,0,0,1
16,"8/6/2000",2000,"Petropavlovskaya","Groznenskiy",102,3,1,2,3257,8.08856201171875,7,7,-4,0,116,4.75359010696411,1,6.12900018692017,1.81303203105927,0,0,49,2,1,0,0,1,0,0,0,0,0,0,0,-1,1,0,0,1
17,"9/2/2000",2000,"Sharo-Argun","Vedenskiy",114,15,1,3,540,6.29156923294067,0,0,0,0,893,6.79458713531494,0,1.79999995231628,0.587786614894867,1,0,90,0,0,6,1,0,0,34,1,3.55534791946411,0,0,0,0,0,0,0,6
17,"9/2/2000",2000,"Trekhgor'ye","Shalinskiy",131,10,0,2,569,6.34388113021851,0,0,0,0,548,6.30627489089966,0,3.7039999961853,1.30941295623779,1,0,90,NA,NA,NA,NA,0,0,NA,NA,NA,NA,NA,NA,0,0,0,3,5
18,"9/4/2000",2000,"Kurchaloi","Kurchaloevskiy",72,6,0,2,12613,9.44248294830322,3,3,3,0,202,5.30826807022095,0,3.24399995803833,1.17680704593658,1,1,10,NA,NA,NA,NA,1,0,NA,NA,NA,NA,NA,NA,1,0,1,0,2
18,"9/4/2000",2000,"Starye Atagi","Groznenskiy",122,3,1,2,11205,9.32411575317383,1,1,1,0,273,5.60947179794312,0,3.66899991035461,1.29991900920868,0,1,36,0,0,0,0,1,1,10,1,2.39789509773254,0,0,0,1,0,1,0,2
19,"9/6/2000",2000,"Grozny (Leninskiy)","Groznyy",74,2,1,1,18038,9.80023574829102,21,21,-6,1,130,4.86753511428833,0,4.68400001525879,1.54415202140808,0,1,3,5,1,7,1,1,1,11,1,2.48490691184998,0,0,0,-1,1,0,0,4
19,"9/6/2000",2000,"Staropomyslovskiy (Groznyy)","Groznyy",121,2,0,1,20864,9.94578075408936,16,16,-3,1,130,4.86753511428833,0,4.68400001525879,1.54415202140808,0,1,3,NA,NA,NA,NA,1,0,NA,NA,NA,NA,NA,NA,-1,1,0,0,4
20,"9/6/2000",2000,"Avtury","Shalinskiy",12,10,0,2,10724,9.28023910522461,3,3,-1,0,247,5.5093879699707,0,5.23600006103516,1.65555799007416,1,1,1,NA,NA,NA,NA,1,0,NA,NA,NA,NA,NA,NA,-1,1,0,0,1
20,"9/6/2000",2000,"Starye Atagi","Groznenskiy",122,3,1,2,11205,9.32411575317383,1,1,1,0,273,5.60947179794312,0,3.66899991035461,1.29991900920868,0,1,34,1,0,0,0,1,1,34,1,3.55534791946411,1,1,0.6931471824646,1,0,1,0,2
21,"9/8/2000",2000,"Michurina","Groznenskiy",85,3,1,2,419,6.03787088394165,3,3,-1,0,109,4.6913480758667,0,1.24399995803833,0.21833199262619,0,0,60,13,1,12,1,1,0,8,1,2.19722509384155,1,1,0.6931471824646,-1,1,0,0,4
21,"9/8/2000",2000,"Tashi","Kurchaloevskiy",126,6,0,2,587,6.37502479553223,0,0,0,0,674,6.51322984695435,0,3.14840006828308,1.1468939781189,1,0,90,NA,NA,NA,NA,0,0,NA,NA,NA,NA,NA,NA,0,0,0,0,6
22,"9/9/2000",2000,"Novogroznenskoi","Gudermesskiy",93,4,0,2,9426,9.15122699737549,1,1,-1,0,56,4.02535200119019,0,1.4099999666214,0.343589693307877,1,1,90,NA,NA,NA,NA,0,0,NA,NA,NA,NA,NA,NA,-1,1,0,0,2
22,"9/9/2000",2000,"Tsotan-Yurt","Shalinskiy",134,10,1,2,9064,9.1120662689209,3,3,-2,0,139,4.93447399139404,0,3.76999998092651,1.32707500457764,1,0,70,8,1,5,1,1,1,3,1,1.38629400730133,1,1,0.6931471824646,-1,1,0,0,1
23,"9/11/2000",2000,"Gekhi (Blagodatnoye)","Urus-Martanovskiy",43,14,0,2,10717,9.27958679199219,5,5,-3,0,222,5.4026780128479,0,5.46600008010864,1.69854700565338,0,0,71,NA,NA,NA,NA,1,1,NA,NA,NA,NA,NA,NA,-1,1,0,0,0
23,"9/11/2000",2000,"Novye Atagi","Shalinskiy",95,10,1,2,9311,9.13895130157471,0,0,1,0,266,5.58349609375,0,3.08599996566772,1.12687599658966,1,0,21,0,0,0,0,1,0,3,1,1.38629400730133,0,0,0,1,0,1,0,1
24,"9/15/2000",2000,"Alkhazurovo","Urus-Martanovskiy",8,14,0,2,5365,8.58765125274658,0,0,0,0,389,5.96357917785645,0,2.43899989128113,0.891588091850281,0,0,90,NA,NA,NA,NA,0,1,NA,NA,NA,NA,NA,NA,0,0,0,0,4
24,"9/15/2000",2000,"Tangy-Chu","Urus-Martanovskiy",125,14,1,2,1624,7.39264822006226,0,0,0,0,322,5.7745509147644,0,3.22499990463257,1.17093300819397,0,0,90,0,0,0,0,0,0,2,1,1.09861195087433,0,0,0,0,0,0,2,3
25,"9/21/2000",2000,"Michurina","Groznenskiy",85,3,1,2,419,6.03787088394165,2,2,0,0,109,4.6913480758667,0,1.24399995803833,0.21833199262619,0,0,73,1,1,0,0,1,0,1,1,0.6931471824646,0,0,0,0,0,0,0,4
25,"9/21/2000",2000,"Podgornyy","Nadterechny",103,7,0,1,1417,7.25629711151123,0,0,0,0,216,5.37527799606323,1,1.89999997615814,0.641853928565979,0,0,90,NA,NA,NA,NA,0,0,NA,NA,NA,NA,NA,NA,0,0,0,0,2
26,"9/24/2000",2000,"Argun","Shalinskiy",9,10,1,1,23102,10.0476703643799,2,2,0,0,117,4.76217412948608,0,1.69900000095367,0.53003978729248,1,1,7,15,1,42,1,1,1,3,1,1.38629400730133,0,0,0,0,0,0,0,2
26,"9/24/2000",2000,"Shali","Shalinskiy",113,10,0,2,29011,10.275429725647,5,5,1,0,227,5.42495012283325,0,4.34999990463257,1.47017598152161,1,1,10,NA,NA,NA,NA,1,0,NA,NA,NA,NA,NA,NA,1,0,1,0,1
27,"10/27/2000",2000,"Khatuni","Vedenskiy",64,15,1,3,1613,7.38585090637207,0,0,0,0,614,6.41999483108521,0,2.16199994087219,0.771033704280853,1,0,90,1,1,0,0,0,0,1,1,0.6931471824646,0,0,0,0,0,0,0,3
27,"10/27/2000",2000,"Tevzena","Vedenskiy",129,15,0,3,1699,7.43779516220093,0,0,0,0,572,6.34913921356201,0,0.607200026512146,-0.498896986246109,1,0,90,NA,NA,NA,NA,0,0,NA,NA,NA,NA,NA,NA,0,0,0,0,4
28,"11/2/2000",2000,"Gansolchu","Nozhai-Yurtovskiy",40,9,1,3,823,6.71295595169067,0,0,0,0,738,6.60394382476807,0,1.79999995231628,0.587786614894867,1,0,90,0,0,0,0,0,0,2,1,1.09861195087433,1,1,0.6931471824646,0,0,0,0,5
28,"11/2/2000",2000,"Sovetskoye","Shatoiskiy",118,11,0,3,1103,7.00578880310059,0,0,0,0,526,6.26530122756958,0,1.66680002212524,0.510905623435974,0,0,90,NA,NA,NA,NA,0,0,NA,NA,NA,NA,NA,NA,0,0,0,2,6
29,"11/25/2000",2000,"Grozny  (Zavodskiy)","Groznyy",144,2,1,1,11783,9.37441253662109,18,18,2,1,130,4.86753511428833,0,4.68400001525879,1.54415202140808,0,1,6,3,1,0,0,1,0,5,1,1.79175901412964,0,0,0,1,0,1,0,4
29,"11/25/2000",2000,"Oktyabr'skiy (Groznyy)","Groznyy",97,2,0,1,16520,9.712327003479,14,14,0,1,130,4.86753511428833,0,4.68400001525879,1.54415202140808,0,1,4,NA,NA,NA,NA,1,0,NA,NA,NA,NA,NA,NA,0,0,0,0,4
30,"11/27/2000",2000,"Borzoi","Shatoiskiy",20,11,0,3,4313,8.36938858032227,1,1,-1,0,919,6.82328605651855,0,0.925999999046326,-0.0768809989094734,0,0,90,NA,NA,NA,NA,0,0,NA,NA,NA,NA,NA,NA,-1,1,0,3,5
30,"11/27/2000",2000,"Makhkety","Vedenskiy",77,15,1,3,3495,8.15908908843994,1,1,-1,0,649,6.47543287277222,0,1.67599999904633,0.516409993171692,1,0,90,1,1,1,1,0,0,3,1,1.38629400730133,0,0,0,-1,1,0,0,6
31,"11/27/2000",2000,"Mesker-Yurt","Shalinskiy",84,10,1,2,7674,8.94559288024902,1,1,-1,0,135,4.90527486801147,0,6.06400012969971,1.80236995220184,1,0,90,1,1,3,1,0,0,21,1,3.09104299545288,0,0,0,-1,1,0,0,0
31,"11/27/2000",2000,"Tolstoy-Yurt","Groznenskiy",130,3,0,2,6934,8.84419345855713,4,4,-4,0,149,5.00394582748413,1,1.22599995136261,0.203756794333458,1,1,90,NA,NA,NA,NA,0,0,NA,NA,NA,NA,NA,NA,-1,1,0,0,2
32,"11/29/2000",2000,"Dyshne-Vedeno","Vedenskiy",33,15,1,3,3572,8.18088054656982,0,0,0,0,774,6.65157222747803,0,2.28500008583069,0.826366126537323,1,0,90,1,1,3,1,0,0,1,1,0.6931471824646,0,0,0,0,0,0,0,6
32,"11/29/2000",2000,"Vedeno","Vedenskiy",138,15,0,3,1512,7.32118797302246,5,5,1,0,702,6.55393409729004,0,1.3309999704361,0.285930514335632,1,0,8,NA,NA,NA,NA,1,0,NA,NA,NA,NA,NA,NA,1,0,1,0,7
33,"12/9/2000",2000,"Staropomyslovskiy (Groznyy)","Groznyy",121,2,0,1,20864,9.94578075408936,17,17,3,1,130,4.86753511428833,0,4.68400001525879,1.54415202140808,0,1,9,NA,NA,NA,NA,1,1,NA,NA,NA,NA,NA,NA,1,0,1,0,4
33,"12/9/2000",2000,"Urus-Martan","Urus-Martanovskiy",136,14,1,2,41122,10.6243000030518,4,4,0,0,234,5.45532083511353,1,3.7739999294281,1.32813501358032,0,1,1,0,0,4,1,1,1,12,1,2.56494903564453,1,1,0.6931471824646,0,0,0,0,3
34,"12/13/2000",2000,"Aslanbek-Sherpivo","Vedenskiy",10,15,0,3,204,5.31812000274658,0,0,0,0,986,6.89365577697754,0,0.740800023078918,-0.300024598836899,1,0,90,NA,NA,NA,NA,0,0,NA,NA,NA,NA,NA,NA,0,0,0,0,4
34,"12/13/2000",2000,"Urus-Martan","Urus-Martanovskiy",136,14,1,2,41122,10.6243000030518,4,4,0,0,234,5.45532083511353,1,3.7739999294281,1.32813501358032,0,1,13,0,0,4,1,1,1,12,1,2.56494903564453,0,0,0,0,0,0,0,3
35,"12/15/2000",2000,"Goity","Urus-Martanovskiy",50,14,0,2,11492,9.34940624237061,4,4,-4,0,217,5.37989711761475,0,4.65700006484985,1.53837096691132,0,0,90,NA,NA,NA,NA,0,1,NA,NA,NA,NA,NA,NA,-1,1,0,0,1
35,"12/15/2000",2000,"Makhkety","Vedenskiy",77,15,1,3,3495,8.15908908843994,1,1,-1,0,649,6.47543287277222,0,1.67599999904633,0.516409993171692,1,0,90,3,1,5,1,0,0,0,0,0,1,1,0.6931471824646,-1,1,0,0,6
36,"12/20/2000",2000,"Avtury","Shalinskiy",12,10,0,2,10724,9.28023910522461,3,3,-1,0,247,5.5093879699707,0,5.23600006103516,1.65555799007416,1,1,56,NA,NA,NA,NA,1,0,NA,NA,NA,NA,NA,NA,-1,1,0,0,1
36,"12/20/2000",2000,"Grozny (Leninskiy)","Groznyy",74,2,1,1,18038,9.80023574829102,27,27,-5,1,130,4.86753511428833,0,4.68400001525879,1.54415202140808,0,1,1,10,1,12,1,1,1,1,1,0.6931471824646,1,1,0.6931471824646,-1,1,0,0,4
37,"1/24/2001",2001,"Chechen-Aul","Groznenskiy",22,3,0,2,6281,8.74528408050537,2,2,3,0,202,5.30826807022095,0,6.49200010299683,1.87057101726532,0,0,3,NA,NA,NA,NA,1,1,NA,NA,NA,NA,NA,NA,1,0,1,0,0
37,"1/24/2001",2001,"Novye Atagi","Shalinskiy",95,10,1,2,9311,9.13895130157471,0,0,2,0,266,5.58349609375,0,3.08599996566772,1.12687599658966,1,0,48,0,0,0,0,1,1,0,0,0,1,1,0.6931471824646,1,0,1,0,1
38,"1/26/2001",2001,"Dutsu-khote","Vedenskiy",31,15,1,3,400,5.99146509170532,0,0,0,0,983,6.89060878753662,0,1.48160004615784,0.393122613430023,1,0,90,0,0,0,0,0,0,0,0,0,0,0,0,0,0,0,2,6
38,"1/26/2001",2001,"Vedeno","Vedenskiy",138,15,0,3,1512,7.32118797302246,7,7,0,0,702,6.55393409729004,0,1.3309999704361,0.285930514335632,1,0,17,NA,NA,NA,NA,1,0,NA,NA,NA,NA,NA,NA,0,0,0,0,7
39,"1/26/2001",2001,"Musolt-Aul","Vedenskiy",87,15,0,3,482,6.17794418334961,0,0,0,0,1139,7.03790616989136,0,0.740800023078918,-0.300024598836899,1,0,90,NA,NA,NA,NA,0,0,NA,NA,NA,NA,NA,NA,0,0,0,1,6
39,"1/26/2001",2001,"Ulus-Kert","Shatoiskiy",135,11,1,3,303,5.71373319625854,0,0,0,0,1083,6.98749017715454,0,3.7039999961853,1.30941295623779,0,0,90,2,1,0,0,0,0,0,0,0,0,0,0,0,0,0,3,4
40,"2/5/2001",2001,"Alkhan-Kala","Groznenskiy",6,3,1,2,7787,8.9602108001709,1,1,0,0,195,5.27299976348877,0,1.58399999141693,0.459953308105469,0,0,76,0,0,7,1,1,1,10,1,2.39789509773254,0,0,0,0,0,0,0,5
40,"2/5/2001",2001,"Dai","Shatoiskiy",27,11,0,3,250,5.52146100997925,0,0,0,0,688,6.53378915786743,0,5.21299982070923,1.6511549949646,0,0,90,NA,NA,NA,NA,0,1,NA,NA,NA,NA,NA,NA,0,0,0,4,11
41,"2/7/2001",2001,"Geldagan (Gel'dygen)","Kurchaloevskiy",45,6,0,2,6401,8.76420974731445,0,0,0,0,162,5.08759593963623,0,4.26100015640259,1.4495040178299,1,0,90,NA,NA,NA,NA,0,1,NA,NA,NA,NA,NA,NA,0,0,0,0,2
41,"2/7/2001",2001,"Zakan-Yurt","Achkhoi-Martanovskiy",143,1,1,2,5464,8.60593605041504,0,0,0,0,284,5.64897394180298,0,3.7739999294281,1.32813501358032,0,0,90,0,0,0,0,0,0,0,0,0,0,0,0,0,0,0,0,3
42,"2/14/2001",2001,"Ilaskhan-Yurt","Gudermesskiy",57,4,0,2,3713,8.21959590911865,0,0,2,0,138,4.92725419998169,0,6.11159992218018,1.81018900871277,1,0,40,NA,NA,NA,NA,1,0,NA,NA,NA,NA,NA,NA,1,0,1,0,0
42,"2/14/2001",2001,"Martan-Chu","Urus-Martanovskiy",81,14,1,2,3917,8.27308177947998,0,0,0,0,321,5.7714409828186,0,3.5789999961853,1.27508294582367,0,0,90,0,0,0,0,0,1,1,1,0.6931471824646,0,0,0,0,0,0,1,6
43,"2/14/2001",2001,"Nizhny Dai","Shatoiskiy",92,11,1,3,450,6.10924816131592,0,0,0,0,640,6.46146821975708,0,0.550000011920929,-0.597836971282959,0,0,90,0,0,1,1,0,0,1,1,0.6931471824646,0,0,0,0,0,0,4,5
43,"2/14/2001",2001,"Ortsi-Yurt","Nozhai-Yurtovskiy",99,9,0,3,470,6.15273284912109,0,0,0,0,672,6.51025819778442,0,2.59999990463257,0.955511391162872,1,0,90,NA,NA,NA,NA,0,0,NA,NA,NA,NA,NA,NA,0,0,0,1,4
44,"4/7/2001",2001,"Gikalo","Groznenskiy",47,3,0,2,4017,8.29829025268555,1,1,1,0,185,5.22035598754883,0,3.43300008773804,1.23343503475189,0,0,54,NA,NA,NA,NA,1,0,NA,NA,NA,NA,NA,NA,1,0,1,0,6
44,"4/7/2001",2001,"Grozny (Zavodskiy)","Groznyy",144,2,1,1,11783,9.37441253662109,22,22,-2,1,130,4.86753511428833,0,4.68400001525879,1.54415202140808,0,1,3,2,1,2,1,1,0,7,1,2.07944202423096,1,1,0.6931471824646,-1,1,0,0,4
45,"4/17/2001",2001,"Grozny (Leninskiy)","Groznyy",74,2,1,1,18308,9.81509304046631,23,23,-3,1,130,4.86753511428833,0,4.68400001525879,1.54415202140808,0,1,5,0,0,0,0,1,0,2,1,1.09861195087433,2,1,1.09861195087433,-1,1,0,0,4
45,"4/17/2001",2001,"Oktyabr'skiy (Groznyy)","Groznyy",97,2,0,1,16520,9.712327003479,16,16,-4,1,130,4.86753511428833,0,4.68400001525879,1.54415202140808,0,1,6,NA,NA,NA,NA,1,0,NA,NA,NA,NA,NA,NA,-1,1,0,0,4
46,"4/18/2001",2001,"Borzoi","Shatoiskiy",20,11,0,3,4313,8.36938858032227,0,0,1,0,919,6.82328605651855,0,0.925999999046326,-0.0768809989094734,0,0,12,NA,NA,NA,NA,1,0,NA,NA,NA,NA,NA,NA,1,0,1,3,5
46,"4/18/2001",2001,"Starye Atagi","Groznenskiy",122,3,1,2,11205,9.32411575317383,1,1,-1,0,273,5.60947179794312,0,3.66899991035461,1.29991900920868,0,1,90,1,1,0,0,0,0,34,1,3.55534791946411,2,1,1.09861195087433,-1,1,0,0,2
47,"5/14/2001",2001,"Grozny (Leninskiy)","Groznyy",74,2,1,1,18308,9.81509304046631,19,19,-4,1,130,4.86753511428833,0,4.68400001525879,1.54415202140808,0,1,14,3,1,2,1,1,1,0,0,0,3,1,1.38629400730133,-1,1,0,0,4
47,"5/14/2001",2001,"Pervomayskaya","Groznenskiy",101,3,0,2,4106,8.32020473480225,0,0,1,0,167,5.11799383163452,0,2.20300006866455,0.789820075035095,0,0,29,NA,NA,NA,NA,1,0,NA,NA,NA,NA,NA,NA,1,0,1,0,3
48,"5/17/2001",2001,"Guni","Vedenskiy",55,15,0,3,710,6.56526517868042,0,0,0,0,678,6.51914691925049,0,3.14840006828308,1.1468939781189,1,0,90,NA,NA,NA,NA,0,0,NA,NA,NA,NA,NA,NA,0,0,0,0,6
48,"5/17/2001",2001,"Starye Atagi","Groznenskiy",122,3,1,2,11205,9.32411575317383,0,0,0,0,273,5.60947179794312,0,3.66899991035461,1.29991900920868,0,1,90,0,0,0,0,0,1,10,1,2.39789509773254,3,1,1.38629400730133,0,0,0,0,2
49,"5/18/2001",2001,"Argun","Shalinskiy",9,10,1,1,23102,10.0476703643799,6,6,-6,0,117,4.76217412948608,0,1.69900000095367,0.53003978729248,1,1,90,3,1,0,0,0,1,5,1,1.79175901412964,1,1,0.6931471824646,-1,1,0,0,2
49,"5/18/2001",2001,"Shali","Shalinskiy",113,10,0,2,29011,10.275429725647,10,10,0,0,227,5.42495012283325,0,4.34999990463257,1.47017598152161,1,1,2,NA,NA,NA,NA,1,1,NA,NA,NA,NA,NA,NA,0,0,0,0,1
50,"5/19/2001",2001,"Roshni-chu","Urus-Martanovskiy",107,14,0,2,4435,8.39728260040283,1,1,1,0,357,5.87773609161377,0,3.77500009536743,1.32840001583099,0,0,17,NA,NA,NA,NA,1,0,NA,NA,NA,NA,NA,NA,1,0,1,0,4
50,"5/19/2001",2001,"Starye Atagi","Groznenskiy",122,3,1,2,11205,9.32411575317383,0,0,0,0,273,5.60947179794312,0,3.66899991035461,1.29991900920868,0,1,90,1,1,0,0,0,1,34,1,3.55534791946411,4,1,1.60943794250488,0,0,0,0,2
51,"5/25/2001",2001,"Michurina","Groznenskiy",85,3,1,2,419,6.03787088394165,0,0,0,0,109,4.6913480758667,0,1.24399995803833,0.21833199262619,0,0,90,4,1,0,0,0,0,50,1,3.93182611465454,5,1,1.79175901412964,0,0,0,0,4
51,"5/25/2001",2001,"Nikolaevskaya","Naurskiy",91,8,0,1,1679,7.42595386505127,0,0,0,0,58,4.06044292449951,1,2.59279990196228,0.952738285064697,0,0,90,NA,NA,NA,NA,0,0,NA,NA,NA,NA,NA,NA,0,0,0,0,1
52,"6/10/2001",2001,"Shaami-Yurt","Achkhoi-Martanovskiy",112,1,1,2,3636,8.19863986968994,0,0,0,0,203,5.3132061958313,0,4.1269998550415,1.41755104064941,0,0,90,1,1,3,1,0,0,0,0,0,0,0,0,0,0,0,0,3
52,"6/10/2001",2001,"Tsa-Vedeno","Vedenskiy",132,15,0,3,1502,7.31455278396606,3,3,3,0,603,6.40191698074341,0,1.92499995231628,0.654925882816315,1,0,19,NA,NA,NA,NA,1,1,NA,NA,NA,NA,NA,NA,1,0,1,1,7
53,"6/12/2001",2001,"Alkhazurovo","Urus-Martanovskiy",8,14,0,2,5365,8.58765125274658,0,0,1,0,389,5.96357917785645,0,2.43899989128113,0.891588091850281,0,0,47,NA,NA,NA,NA,1,0,NA,NA,NA,NA,NA,NA,1,0,1,0,4
53,"6/12/2001",2001,"Starye Atagi","Groznenskiy",122,3,1,2,11205,9.32411575317383,0,0,0,0,273,5.60947179794312,0,3.66899991035461,1.29991900920868,0,1,90,1,1,0,0,0,1,34,1,3.55534791946411,5,1,1.79175901412964,0,0,0,0,2
54,"6/22/2001",2001,"Achkoi-Martan","Achkhoi-Martanovskiy",2,1,1,2,20350,9.92083644866943,3,3,-2,0,246,5.50533199310303,0,4.67000007629395,1.54115903377533,0,1,16,0,0,3,1,1,0,1,1,0.6931471824646,0,0,0,-1,1,0,0,1
54,"6/22/2001",2001,"Gudermes","Gudermesskiy",54,4,0,2,33578,10.4216299057007,13,13,-2,0,48,3.8712010383606,0,8.67399978637695,2.16033005714417,1,1,1,NA,NA,NA,NA,1,0,NA,NA,NA,NA,NA,NA,-1,1,0,0,0
55,"6/22/2001",2001,"Gekhi (Blagodatnoye)","Urus-Martanovskiy",43,14,0,2,10717,9.27958679199219,7,7,0,0,222,5.4026780128479,0,5.46600008010864,1.69854700565338,0,0,26,NA,NA,NA,NA,1,1,NA,NA,NA,NA,NA,NA,0,0,0,0,0
55,"6/22/2001",2001,"Makhkety","Vedenskiy",77,15,1,3,3495,8.15908908843994,0,0,0,0,649,6.47543287277222,0,1.67599999904633,0.516409993171692,1,0,90,3,1,5,1,0,0,0,0,0,2,1,1.09861195087433,0,0,0,0,6
56,"8/3/2001",2001,"Kurchaloi","Kurchaloevskiy",72,6,0,2,12613,9.44248294830322,2,2,3,0,202,5.30826807022095,0,3.24399995803833,1.17680704593658,1,1,26,NA,NA,NA,NA,1,1,NA,NA,NA,NA,NA,NA,1,0,1,0,2
56,"8/3/2001",2001,"Starye Atagi","Groznenskiy",122,3,1,2,11205,9.32411575317383,0,0,1,0,273,5.60947179794312,0,3.66899991035461,1.29991900920868,0,1,65,1,1,0,0,1,1,34,1,3.55534791946411,6,1,1.94590997695923,1,0,1,0,2
57,"10/10/2001",2001,"Duba-Yurt","Shalinskiy",30,10,1,2,955,6.86171197891235,0,0,0,0,372,5.91889381408691,0,3.01999998092651,1.10525703430176,1,0,90,0,0,4,1,0,1,7,1,2.07944202423096,0,0,0,0,0,0,0,5
57,"10/10/2001",2001,"Goryacheistochnenskaya","Groznenskiy",51,3,0,2,1002,6.90975284576416,0,0,0,0,287,5.6594820022583,0,1.79999995231628,0.587786614894867,0,1,90,NA,NA,NA,NA,0,0,NA,NA,NA,NA,NA,NA,0,0,0,0,2
58,"10/12/2001",2001,"Benoy","Vedenskiy",16,15,0,3,52,3.95124411582947,0,0,0,0,432,6.06842613220215,0,4.16699981689453,1.42719602584839,1,0,90,NA,NA,NA,NA,0,0,NA,NA,NA,NA,NA,NA,0,0,0,3,6
58,"10/12/2001",2001,"Isti-Su","Gudermesskiy",59,15,1,3,69,4.23410701751709,0,0,0,0,657,6.48768377304077,0,1.48160004615784,0.393122613430023,1,0,90,0,0,2,0,0,0,0,0,0,0,0,0,0,0,0,0,2
59,"10/27/2001",2001,"Goity","Urus-Martanovskiy",50,14,1,2,11492,9.34940624237061,0,0,0,0,217,5.37989711761475,0,4.65700006484985,1.53837096691132,0,0,90,2,1,4,1,0,1,0,0,0,0,0,0,0,0,0,0,1
59,"10/27/2001",2001,"Staropomyslovskiy (Groznyy)","Groznyy",121,2,0,1,20864,9.94578075408936,11,11,1,1,130,4.86753511428833,0,4.68400001525879,1.54415202140808,0,1,18,NA,NA,NA,NA,1,0,NA,NA,NA,NA,NA,NA,1,0,1,0,4
60,"11/1/2001",2001,"Khal-Keloi","Shatoiskiy",60,11,0,3,500,6.21460819244385,0,0,0,0,1026,6.93342304229736,0,1.79999995231628,0.587786614894867,0,0,90,NA,NA,NA,NA,0,0,NA,NA,NA,NA,NA,NA,0,0,0,0,5
60,"11/1/2001",2001,"Michurina","Groznenskiy",85,3,1,2,419,6.03787088394165,1,1,-1,0,109,4.6913480758667,0,1.24399995803833,0.21833199262619,0,0,90,1,1,0,0,0,0,0,0,0,2,1,1.09861195087433,-1,1,0,0,4
61,"11/3/2001",2001,"Oktya'brskoe","Vedenskiy",98,15,0,3,2724,7.90985679626465,9,9,1,0,667,6.50278997421265,0,1.48160004615784,0.393122613430023,1,0,17,NA,NA,NA,NA,1,0,NA,NA,NA,NA,NA,NA,1,0,1,0,5
61,"11/3/2001",2001,"Serzhen-Yurt","Shalinskiy",111,10,1,2,3244,8.08456230163574,3,3,-1,0,325,5.7838249206543,0,5.23600006103516,1.65555799007416,1,0,45,1,1,1,1,1,1,6,1,1.94590997695923,0,0,0,-1,1,0,0,1
62,"11/8/2001",2001,"Argun","Shalinskiy",9,10,1,1,23102,10.0476703643799,3,3,-2,0,117,4.76217412948608,0,1.69900000095367,0.53003978729248,1,1,33,15,1,42,1,1,1,3,1,1.38629400730133,2,1,1.09861195087433,-1,1,0,0,2
62,"11/8/2001",2001,"Shali","Shalinskiy",113,10,0,2,29011,10.275429725647,19,19,-4,0,227,5.42495012283325,0,4.34999990463257,1.47017598152161,1,1,6,NA,NA,NA,NA,1,1,NA,NA,NA,NA,NA,NA,-1,1,0,0,1
63,"11/14/2001",2001,"Marshen-Kali","Vedenskiy",80,15,0,3,500,6.21460819244385,0,0,0,0,1139,7.03790616989136,0,0.740800023078918,-0.300024598836899,1,0,90,NA,NA,NA,NA,0,0,NA,NA,NA,NA,NA,NA,0,0,0,1,7
63,"11/14/2001",2001,"Michurina","Groznenskiy",85,3,1,2,419,6.03787088394165,1,1,-1,0,109,4.6913480758667,0,1.24399995803833,0.21833199262619,0,0,90,1,1,0,0,0,0,0,0,0,3,1,1.38629400730133,-1,1,0,0,4
64,"11/26/2001",2001,"Gekhi (Blagodatnoye)","Urus-Martanovskiy",43,14,0,2,10717,9.27958679199219,5,5,0,0,222,5.4026780128479,0,5.46600008010864,1.69854700565338,0,0,13,NA,NA,NA,NA,1,0,NA,NA,NA,NA,NA,NA,0,0,0,0,0
64,"11/26/2001",2001,"Michurina","Groznenskiy",85,3,1,2,419,6.03787088394165,1,1,-1,0,109,4.6913480758667,0,1.24399995803833,0.21833199262619,0,0,90,0,0,3,1,0,0,3,1,1.38629400730133,4,1,1.60943794250488,-1,1,0,0,4
65,"12/19/2001",2001,"Alkhan-Kala","Groznenskiy",6,3,1,2,7787,8.9602108001709,0,0,0,0,195,5.27299976348877,0,1.58399999141693,0.459953308105469,0,0,90,0,0,7,1,0,0,10,1,2.39789509773254,1,1,0.6931471824646,0,0,0,0,5
65,"12/19/2001",2001,"Alkhan-Yurt","Urus-Martanovskiy",7,14,0,2,8040,8.99218463897705,3,3,-1,0,165,5.10594606399536,0,2.62700009346008,0.965842485427856,0,1,41,NA,NA,NA,NA,1,1,NA,NA,NA,NA,NA,NA,-1,1,0,0,4
66,"1/23/2002",2002,"Argun","Shalinskiy",9,10,1,1,23102,10.0476703643799,3,3,-2,0,117,4.76217412948608,0,1.69900000095367,0.53003978729248,1,1,51,2,1,3,1,1,1,10,1,2.39789509773254,3,1,1.38629400730133,-1,1,0,0,2
66,"1/23/2002",2002,"Avtury","Shalinskiy",12,10,0,2,10724,9.28023910522461,3,3,-1,0,247,5.5093879699707,0,5.23600006103516,1.65555799007416,1,1,55,NA,NA,NA,NA,1,1,NA,NA,NA,NA,NA,NA,-1,1,0,0,1
67,"2/12/2002",2002,"Novogroznenskoi","Gudermesskiy",93,4,0,2,9426,9.15122699737549,0,0,1,0,56,4.02535200119019,0,1.4099999666214,0.343589693307877,1,1,33,NA,NA,NA,NA,1,1,NA,NA,NA,NA,NA,NA,1,0,1,0,2
67,"2/12/2002",2002,"Tsotan-Yurt","Shalinskiy",134,10,1,2,9064,9.1120662689209,3,3,3,0,139,4.93447399139404,0,3.76999998092651,1.32707500457764,1,0,19,8,1,0,0,1,1,3,1,1.38629400730133,2,1,1.09861195087433,1,0,1,0,1
68,"2/27/2002",2002,"Dai","Shatoiskiy",27,11,0,3,250,5.52146100997925,0,0,1,0,688,6.53378915786743,0,5.21299982070923,1.6511549949646,0,0,82,NA,NA,NA,NA,1,1,NA,NA,NA,NA,NA,NA,1,0,1,4,11
68,"2/27/2002",2002,"Vedeno","Vedenskiy",138,15,1,3,1512,7.32118797302246,0,0,0,0,702,6.55393409729004,0,1.3309999704361,0.285930514335632,1,0,90,0,0,0,0,0,0,0,0,0,0,0,0,0,0,0,0,7
69,"4/16/2002",2002,"Gargachi","Shatoiskiy",41,11,1,3,469,6.1506028175354,0,0,0,0,823,6.71295595169067,0,0.600000023841858,-0.510825574398041,0,0,90,2,1,1,1,0,0,0,0,0,0,0,0,0,0,0,4,10
69,"4/16/2002",2002,"Gikalo","Groznenskiy",47,3,0,2,4017,8.29829025268555,2,2,-1,0,185,5.22035598754883,0,3.43300008773804,1.23343503475189,0,0,2,NA,NA,NA,NA,1,1,NA,NA,NA,NA,NA,NA,-1,1,0,0,6
70,"5/16/2002",2002,"Alkhazurovo","Urus-Martanovskiy",8,14,1,2,5365,8.58765125274658,0,0,2,0,389,5.96357917785645,0,2.43899989128113,0.891588091850281,0,0,17,0,0,2,1,1,0,5,1,1.79175901412964,0,0,0,1,0,1,0,4
70,"5/16/2002",2002,"Prigorodny","Groznenskiy",104,3,0,2,2892,7.96970415115356,0,0,0,0,187,5.23110914230347,0,0.632099986076355,-0.458707690238953,0,0,90,NA,NA,NA,NA,0,1,NA,NA,NA,NA,NA,NA,0,0,0,0,5
71,"8/8/2002",2002,"Dzhalka","Gudermesskiy",34,4,1,2,5390,8.59230041503906,0,0,0,0,83,4.41883993148804,0,1.14999997615814,0.13976189494133,1,1,90,0,0,0,0,0,0,4,1,1.60943794250488,0,0,0,0,0,0,2,3
71,"8/8/2002",2002,"Staropomyslovskiy (Groznyy)","Groznyy",121,2,0,1,20864,9.94578075408936,7,7,1,1,130,4.86753511428833,0,4.68400001525879,1.54415202140808,0,1,22,NA,NA,NA,NA,1,1,NA,NA,NA,NA,NA,NA,1,0,1,0,4
72,"8/8/2002",2002,"Gekhi (Blagodatnoye)","Urus-Martanovskiy",43,14,0,2,10717,9.27958679199219,0,0,2,0,222,5.4026780128479,0,5.46600008010864,1.69854700565338,0,0,8,NA,NA,NA,NA,1,0,NA,NA,NA,NA,NA,NA,1,0,1,0,0
72,"8/8/2002",2002,"Novye Atagi","Shalinskiy",95,10,1,2,9311,9.13895130157471,0,0,0,0,266,5.58349609375,0,3.08599996566772,1.12687599658966,1,0,90,5,1,12,1,0,1,5,1,1.79175901412964,2,1,1.09861195087433,0,0,0,0,1
73,"8/14/2002",2002,"Gudermes","Gudermesskiy",54,4,0,2,33578,10.4216299057007,3,3,4,0,48,3.8712010383606,0,8.67399978637695,2.16033005714417,1,1,2,NA,NA,NA,NA,1,0,NA,NA,NA,NA,NA,NA,1,0,1,0,0
73,"8/14/2002",2002,"Shali","Shalinskiy",113,10,1,2,29011,10.275429725647,9,9,-7,0,227,5.42495012283325,0,4.34999990463257,1.47017598152161,1,1,19,3,1,8,1,1,0,3,1,1.38629400730133,0,0,0,-1,1,0,0,1
74,"8/19/2002",2002,"Elistanzhi","Vedenskiy",36,15,0,3,1845,7.52023506164551,3,3,0,0,702,6.55393409729004,0,2.84699988365173,1.04626595973969,1,1,22,NA,NA,NA,NA,1,1,NA,NA,NA,NA,NA,NA,0,0,0,0,4
74,"8/19/2002",2002,"Vedeno","Vedenskiy",138,15,1,3,1512,7.32118797302246,9,9,-7,0,702,6.55393409729004,0,1.3309999704361,0.285930514335632,1,0,7,2,1,0,0,1,1,0,0,0,1,1,0.6931471824646,-1,1,0,0,7
75,"9/9/2002",2002,"Avtury","Shalinskiy",12,10,0,2,10724,9.28023910522461,4,4,-1,0,247,5.5093879699707,0,5.23600006103516,1.65555799007416,1,1,43,NA,NA,NA,NA,1,1,NA,NA,NA,NA,NA,NA,-1,1,0,0,1
75,"9/9/2002",2002,"Chechen-Aul","Groznenskiy",22,3,1,2,6281,8.74528408050537,4,4,-3,0,202,5.30826807022095,0,6.49200010299683,1.87057101726532,0,0,69,0,0,6,1,1,0,17,1,2.89037203788757,0,0,0,-1,1,0,0,0
76,"9/12/2002",2002,"Dyshne-Vedeno","Vedenskiy",33,15,1,3,3572,8.18088054656982,0,0,0,0,774,6.65157222747803,0,2.28500008583069,0.826366126537323,1,0,90,3,1,0,0,0,0,0,0,0,1,1,0.6931471824646,0,0,0,0,6
76,"9/12/2002",2002,"Tevzena","Vedenskiy",129,15,0,3,1699,7.43779516220093,2,2,0,0,572,6.34913921356201,0,0.607200026512146,-0.498896986246109,1,0,23,NA,NA,NA,NA,1,1,NA,NA,NA,NA,NA,NA,0,0,0,0,4
77,"9/27/2002",2002,"Agishty","Shalinskiy",4,10,1,2,780,6.65929412841797,0,0,0,0,455,6.12029695510864,0,4.78800010681152,1.56611299514771,1,0,90,5,1,5,1,0,0,0,0,0,3,1,1.38629400730133,0,0,0,0,3
77,"9/27/2002",2002,"Akhkinchu-Barze","Kurchaloevskiy",5,6,0,2,786,6.66695690155029,2,2,-1,0,294,5.68357992172241,0,3.30599999427795,1.19573903083801,1,0,2,NA,NA,NA,NA,1,0,NA,NA,NA,NA,NA,NA,-1,1,0,2,6
78,"10/27/2002",2002,"Chiri-Yurt","Shalinskiy",24,10,0,2,11316,9.3339729309082,3,3,-2,0,313,5.74620294570923,0,1.192999958992,0.176471099257469,1,1,26,NA,NA,NA,NA,1,1,NA,NA,NA,NA,NA,NA,-1,1,0,0,4
78,"10/27/2002",2002,"Grozny (Leninskiy)","Groznyy",74,2,1,1,18308,9.81509304046631,20,20,-3,1,130,4.86753511428833,0,4.68400001525879,1.54415202140808,0,1,4,3,1,0,0,1,0,3,1,1.38629400730133,4,1,1.60943794250488,-1,1,0,0,4
79,"11/4/2002",2002,"Prigorodny","Groznenskiy",104,3,1,2,2892,7.96970415115356,0,0,0,0,187,5.23110914230347,0,0.632099986076355,-0.458707690238953,0,0,90,0,0,0,0,0,1,0,0,0,0,0,0,0,0,0,0,5
79,"11/4/2002",2002,"Tsa-Vedeno","Vedenskiy",132,15,0,3,1502,7.31455278396606,4,4,-2,0,603,6.40191698074341,0,1.92499995231628,0.654925882816315,1,0,45,NA,NA,NA,NA,1,0,NA,NA,NA,NA,NA,NA,-1,1,0,1,7
80,"11/8/2002",2002,"Eshilkhatoy","Vedenskiy",38,15,1,3,341,5.83188199996948,0,0,0,0,698,6.54821920394897,0,2.69400000572205,0.991027116775513,1,0,90,0,0,0,0,0,0,0,0,0,0,0,0,0,0,0,0,4
80,"11/8/2002",2002,"Morzoi-Mokkh","Vedenskiy",86,15,0,3,153,5.03043794631958,0,0,0,0,581,6.36475086212158,0,2.77800011634827,1.02173101902008,1,0,90,NA,NA,NA,NA,0,0,NA,NA,NA,NA,NA,NA,0,0,0,4,8
81,"12/19/2002",2002,"Ortsi-Yurt","Nozhai-Yurtovskiy",99,9,1,3,470,6.15273284912109,0,0,0,0,672,6.51025819778442,0,2.59999990463257,0.955511391162872,1,0,90,0,0,3,1,0,0,0,0,0,0,0,0,0,0,0,1,4
81,"12/19/2002",2002,"Shena (Shuani)","Nozhai-Yurtovskiy",116,9,0,3,932,6.83733320236206,1,1,-1,0,604,6.40357398986816,0,1.48160004615784,0.393122613430023,1,0,90,NA,NA,NA,NA,0,0,NA,NA,NA,NA,NA,NA,-1,1,0,1,4
82,"1/14/2003",2003,"Borzoi","Shatoiskiy",20,11,0,3,4313,8.36938858032227,0,0,0,0,919,6.82328605651855,0,0.925999999046326,-0.0768809989094734,0,0,90,NA,NA,NA,NA,0,0,NA,NA,NA,NA,NA,NA,0,0,0,3,5
82,"1/14/2003",2003,"Novogroznenskoi","Gudermesskiy",93,4,1,2,9426,9.15122699737549,0,0,0,0,56,4.02535200119019,0,1.4099999666214,0.343589693307877,1,1,90,0,0,0,0,0,0,0,0,0,0,0,0,0,0,0,0,2
83,"1/24/2003",2003,"Dyshne-Vedeno","Vedenskiy",33,15,1,3,3572,8.18088054656982,4,4,0,0,774,6.65157222747803,0,2.28500008583069,0.826366126537323,1,0,13,0,0,1,1,1,0,0,0,0,2,1,1.09861195087433,0,0,0,0,6
83,"1/24/2003",2003,"Mesedoy","Vedenskiy",83,15,0,3,600,6.39693021774292,0,0,0,0,714,6.57088279724121,0,0.740800023078918,-0.300024598836899,1,0,90,NA,NA,NA,NA,0,0,NA,NA,NA,NA,NA,NA,0,0,0,0,4
84,"1/24/2003",2003,"Evli","Vedenskiy",39,15,0,3,75,4.31748819351196,0,0,0,0,1130,7.02997303009033,0,7.22279977798462,1.97724294662476,1,0,90,NA,NA,NA,NA,0,0,NA,NA,NA,NA,NA,NA,0,0,0,0,0
84,"1/24/2003",2003,"Serzhen-Yurt","Shalinskiy",111,10,1,2,3244,8.08456230163574,0,0,0,0,325,5.7838249206543,0,5.23600006103516,1.65555799007416,1,0,90,1,1,1,1,0,0,6,1,1.94590997695923,1,1,0.6931471824646,0,0,0,0,1
85,"1/31/2003",2003,"Neftyanoye","Vedenskiy",90,15,1,3,247,5.5093879699707,0,0,0,0,736,6.60123014450073,0,1.3309999704361,0.285930514335632,1,0,90,0,0,0,0,0,0,0,0,0,0,0,0,0,0,0,0,5
85,"1/31/2003",2003,"Verkhny Dai","Shatoiskiy",139,11,0,3,196,5.27811479568481,0,0,0,0,738,6.60394382476807,0,0.439999997615814,-0.820980489253998,0,0,90,NA,NA,NA,NA,0,0,NA,NA,NA,NA,NA,NA,0,0,0,5,12
86,"1/31/2003",2003,"Geldagan (Gel'dygen)","Kurchaloevskiy",45,6,0,2,6401,8.76420974731445,0,0,0,0,162,5.08759593963623,0,4.26100015640259,1.4495040178299,1,0,90,NA,NA,NA,NA,0,0,NA,NA,NA,NA,NA,NA,0,0,0,0,2
86,"1/31/2003",2003,"Valerik","Achkhoi-Martanovskiy",137,1,1,2,6733,8.81477642059326,0,0,0,0,222,5.4026780128479,0,3.27600002288818,1.18662297725677,0,0,90,1,1,3,1,0,0,0,0,0,0,0,0,0,0,0,0,2
87,"2/26/2003",2003,"Dachu-Borzoi","Shatoiskiy",26,11,0,3,412,6.02102279663086,0,0,1,0,422,6.04500484466553,0,1.80299997329712,0.589451909065247,0,0,1,NA,NA,NA,NA,1,1,NA,NA,NA,NA,NA,NA,1,0,1,1,5
87,"2/26/2003",2003,"Serzhen-Yurt","Shalinskiy",111,10,1,2,3244,8.08456230163574,2,2,-1,0,325,5.7838249206543,0,5.23600006103516,1.65555799007416,1,0,71,1,1,1,1,1,0,6,1,1.94590997695923,2,1,1.09861195087433,-1,1,0,0,1
88,"3/4/2003",2003,"Kulary","Urus-Martanovskiy",71,14,0,2,3458,8.14844608306885,0,0,0,0,165,5.10594606399536,0,2.48900008201599,0.911881029605865,0,0,90,NA,NA,NA,NA,0,0,NA,NA,NA,NA,NA,NA,0,0,0,0,5
88,"3/4/2003",2003,"Serzhen-Yurt","Shalinskiy",111,10,1,2,3244,8.08456230163574,2,2,-1,0,325,5.7838249206543,0,5.23600006103516,1.65555799007416,1,0,65,0,0,7,1,1,1,0,0,0,3,1,1.38629400730133,-1,1,0,0,1
89,"3/21/2003",2003,"Dolinskoe","Groznenskiy",29,3,0,2,1053,6.95939922332764,0,0,0,0,168,5.12396383285522,0,3.74000000953674,1.31908595561981,0,0,90,NA,NA,NA,NA,0,1,NA,NA,NA,NA,NA,NA,0,0,0,0,1
89,"3/21/2003",2003,"Gikalo","Groznenskiy",47,3,1,2,4017,8.29829025268555,0,0,0,0,185,5.22035598754883,0,3.43300008773804,1.23343503475189,0,0,90,0,0,2,1,0,0,0,0,0,0,0,0,0,0,0,0,6
90,"5/3/2003",2003,"Alkhazurovo","Urus-Martanovskiy",8,14,1,2,5365,8.58765125274658,2,2,0,0,389,5.96357917785645,0,2.43899989128113,0.891588091850281,0,0,73,0,0,0,0,1,0,0,0,0,1,1,0.6931471824646,0,0,0,0,4
90,"5/3/2003",2003,"Bachi-Yurt","Kurchaloevskiy",13,6,0,2,9791,9.18921947479248,2,2,-1,0,221,5.39816284179688,0,6.53000020980835,1.87640702724457,1,0,64,NA,NA,NA,NA,1,1,NA,NA,NA,NA,NA,NA,-1,1,0,0,0
91,"5/3/2003",2003,"Avtury","Shalinskiy",12,10,1,2,10724,9.28023910522461,1,1,-1,0,247,5.5093879699707,0,5.23600006103516,1.65555799007416,1,1,90,0,0,0,0,0,0,0,0,0,0,0,0,-1,1,0,0,1
91,"5/3/2003",2003,"Gekhi (Blagodatnoye)","Urus-Martanovskiy",43,14,0,2,10717,9.27958679199219,2,2,-2,0,222,5.4026780128479,0,5.46600008010864,1.69854700565338,0,0,90,NA,NA,NA,NA,0,0,NA,NA,NA,NA,NA,NA,-1,1,0,0,0
92,"8/17/2003",2003,"Khambi-Irze","Achkhoi-Martanovskiy",61,1,1,2,2920,7.97933912277222,0,0,0,0,171,5.14166402816772,0,3.88919997215271,1.35820400714874,0,0,90,0,0,0,0,0,0,0,0,0,0,0,0,0,0,0,0,4
92,"8/17/2003",2003,"Sel'mentauzen","Vedenskiy",110,15,0,3,1021,6.92853784561157,2,2,1,0,796,6.67959880828857,0,0.275599986314774,-1.28880500793457,1,0,17,NA,NA,NA,NA,1,1,NA,NA,NA,NA,NA,NA,1,0,1,0,4
93,"9/7/2003",2003,"Chiri-Yurt","Shalinskiy",24,10,0,2,11316,9.3339729309082,1,1,-1,0,313,5.74620294570923,0,1.192999958992,0.176471099257469,1,1,90,NA,NA,NA,NA,0,0,NA,NA,NA,NA,NA,NA,-1,1,0,0,4
93,"9/7/2003",2003,"Urus-Martan","Urus-Martanovskiy",136,14,1,2,41122,10.6243000030518,0,0,2,0,234,5.45532083511353,1,3.7739999294281,1.32813501358032,0,1,9,1,1,3,1,1,0,0,0,0,3,1,1.38629400730133,1,0,1,0,3
94,"10/2/2003",2003,"Ilaskhan-Yurt","Gudermesskiy",57,4,0,2,3713,8.21959590911865,0,0,0,0,138,4.92725419998169,0,6.11159992218018,1.81018900871277,1,0,90,NA,NA,NA,NA,0,0,NA,NA,NA,NA,NA,NA,0,0,0,0,0
94,"10/2/2003",2003,"Makhkety","Vedenskiy",77,15,1,3,3495,8.15908908843994,0,0,0,0,649,6.47543287277222,0,1.67599999904633,0.516409993171692,1,0,90,3,1,0,0,0,1,0,0,0,3,1,1.38629400730133,0,0,0,0,6
95,"10/9/2003",2003,"Gekhi-Chu","Urus-Martanovskiy",44,14,1,2,2413,7.78862619400024,0,0,0,0,220,5.39362812042236,0,3.77500009536743,1.32840001583099,0,0,90,0,0,0,0,0,0,2,1,1.09861195087433,0,0,0,0,0,0,0,2
95,"10/9/2003",2003,"Kirova","Naurskiy",68,8,0,1,2100,7.64969301223755,0,0,0,0,161,5.08140420913696,1,3.48900008201599,1.24961495399475,0,0,90,NA,NA,NA,NA,0,0,NA,NA,NA,NA,NA,NA,0,0,0,0,1
96,"10/11/2003",2003,"Gekhi-Chu","Urus-Martanovskiy",44,14,1,2,2413,7.78862619400024,0,0,0,0,220,5.39362812042236,0,3.77500009536743,1.32840001583099,0,0,90,0,0,0,0,0,0,2,1,1.09861195087433,1,1,0.6931471824646,0,0,0,0,2
96,"10/11/2003",2003,"Gudermes","Gudermesskiy",54,4,0,2,33578,10.4216299057007,5,5,1,0,48,3.8712010383606,0,8.67399978637695,2.16033005714417,1,1,12,NA,NA,NA,NA,1,0,NA,NA,NA,NA,NA,NA,1,0,1,0,0
97,"10/14/2003",2002,"Agishbatoi","Vedenskiy",3,15,0,3,14,2.63905692100525,0,0,1,0,816,6.70441389083862,0,1.48160004615784,0.393122613430023,1,0,72,NA,NA,NA,NA,1,0,NA,NA,NA,NA,NA,NA,1,0,1,0,5
97,"10/14/2003",2003,"Shali","Shalinskiy",113,10,1,2,29011,10.275429725647,4,4,-1,0,227,5.42495012283325,0,4.34999990463257,1.47017598152161,1,1,1,2,1,1,1,1,0,0,0,0,1,1,0.6931471824646,-1,1,0,0,1
98,"10/21/2003",2003,"Khatuni","Vedenskiy",64,15,1,3,1613,7.38585090637207,0,0,0,0,614,6.41999483108521,0,2.16199994087219,0.771033704280853,1,0,90,0,0,0,0,0,0,0,0,0,1,1,0.6931471824646,0,0,0,0,3
98,"10/21/2003",2003,"Nadrech'ye","Shalinskiy",88,10,0,2,730,6.59304523468018,0,0,0,0,327,5.78995990753174,0,1.48160004615784,0.393122613430023,1,0,90,NA,NA,NA,NA,0,0,NA,NA,NA,NA,NA,NA,0,0,0,0,5
99,"10/21/2003",2003,"Kharsenoi","Shatoiskiy",63,11,0,3,1800,7.49554204940796,0,0,0,0,796,6.67959880828857,0,1.48160004615784,0.393122613430023,0,0,90,NA,NA,NA,NA,0,0,NA,NA,NA,NA,NA,NA,0,0,0,2,5
99,"10/21/2003",2003,"Tevzena","Vedenskiy",129,15,1,3,1699,7.43779516220093,0,0,0,0,572,6.34913921356201,0,0.607200026512146,-0.498896986246109,1,0,90,0,0,0,0,0,0,0,0,0,0,0,0,0,0,0,0,4
100,"10/21/2003",2003,"Oktya'brskoe","Vedenskiy",98,15,0,3,2724,7.90985679626465,0,0,0,0,667,6.50278997421265,0,1.48160004615784,0.393122613430023,1,0,90,NA,NA,NA,NA,0,0,NA,NA,NA,NA,NA,NA,0,0,0,0,5
100,"10/21/2003",2003,"Tsa-Vedeno","Vedenskiy",132,15,1,3,1502,7.31455278396606,2,2,-2,0,603,6.40191698074341,0,1.92499995231628,0.654925882816315,1,0,90,0,0,0,0,0,0,0,0,0,0,0,0,-1,1,0,1,7
101,"11/23/2003",2003,"Makhkety","Vedenskiy",77,15,1,3,3495,8.15908908843994,0,0,0,0,649,6.47543287277222,0,1.67599999904633,0.516409993171692,1,0,90,1,1,3,1,0,1,0,0,0,4,1,1.60943794250488,0,0,0,0,6
101,"11/23/2003",2003,"Staraya Sunzha","Groznenskiy",120,3,0,2,5441,8.60171794891357,1,1,-1,0,114,4.73619794845581,0,2.77800011634827,1.02173101902008,0,0,90,NA,NA,NA,NA,0,1,NA,NA,NA,NA,NA,NA,-1,1,0,0,2
102,"11/23/2003",2003,"Kirov-Yurt","Vedenskiy",67,15,0,3,1637,7.4006199836731,0,0,0,0,571,6.34738922119141,0,1.66680002212524,0.510905623435974,1,0,90,NA,NA,NA,NA,0,0,NA,NA,NA,NA,NA,NA,0,0,0,1,5
102,"11/23/2003",2003,"Sel'mentauzen","Vedenskiy",110,15,1,3,1021,6.92853784561157,0,0,0,0,796,6.67959880828857,0,0.275599986314774,-1.28880500793457,1,0,90,2,1,3,1,0,0,0,0,0,0,0,0,0,0,0,0,4
103,"3/12/2004",2004,"Chiri-Yurt","Shalinskiy",24,10,1,2,11316,9.3339729309082,1,1,-1,0,313,5.74620294570923,0,1.192999958992,0.176471099257469,1,1,90,0,0,1,1,0,0,0,0,0,0,0,0,-1,1,0,0,4
103,"3/12/2004",2004,"Oktyabr'skiy (Groznyy)","Groznyy",97,2,0,1,16520,9.712327003479,6,6,-1,1,130,4.86753511428833,0,4.68400001525879,1.54415202140808,0,1,23,NA,NA,NA,NA,1,1,NA,NA,NA,NA,NA,NA,-1,1,0,0,4
104,"3/23/2004",2004,"Kirova","Naurskiy",68,8,0,1,2100,7.64969301223755,0,0,1,0,161,5.08140420913696,1,3.48900008201599,1.24961495399475,0,0,24,NA,NA,NA,NA,1,1,NA,NA,NA,NA,NA,NA,1,0,1,0,1
104,"3/23/2004",2004,"Urus-Martan","Urus-Martanovskiy",136,14,1,2,41122,10.6243000030518,0,0,1,0,234,5.45532083511353,1,3.7739999294281,1.32813501358032,0,1,56,0,0,4,1,1,1,12,1,2.56494903564453,4,1,1.60943794250488,1,0,1,0,3
105,"5/22/2004",2004,"Roshni-chu","Urus-Martanovskiy",107,14,0,2,4435,8.39728260040283,2,2,2,0,357,5.87773609161377,0,3.77500009536743,1.32840001583099,0,0,12,NA,NA,NA,NA,1,0,NA,NA,NA,NA,NA,NA,1,0,1,0,4
105,"5/22/2004",2004,"Serzhen-Yurt","Shalinskiy",111,10,1,2,3244,8.08456230163574,2,2,-2,0,325,5.7838249206543,0,5.23600006103516,1.65555799007416,1,0,90,1,1,7,1,0,0,0,0,0,4,1,1.60943794250488,-1,1,0,0,1
106,"5/25/2004",2004,"Berdakel","Groznenskiy",17,3,0,2,4911,8.49923324584961,0,0,0,0,145,4.97673416137695,0,5.5770001411438,1.71865105628967,0,0,90,NA,NA,NA,NA,0,0,NA,NA,NA,NA,NA,NA,0,0,0,0,0
106,"5/25/2004",2004,"Serzhen-Yurt","Shalinskiy",111,10,1,2,3244,8.08456230163574,2,2,-2,0,325,5.7838249206543,0,5.23600006103516,1.65555799007416,1,0,90,8,1,0,0,0,0,3,1,1.38629400730133,5,1,1.79175901412964,-1,1,0,0,1
107,"6/10/2004",2004,"Goichu","Urus-Martanovskiy",49,14,0,2,1800,7.49554204940796,0,0,0,0,369,5.91079711914062,0,0.710300028324127,-0.342067807912827,0,0,90,NA,NA,NA,NA,0,1,NA,NA,NA,NA,NA,NA,0,0,0,1,3
107,"6/10/2004",2004,"Kharsenoi","Shatoiskiy",63,11,1,3,1800,7.49554204940796,0,0,0,0,796,6.67959880828857,0,1.48160004615784,0.393122613430023,0,0,90,0,0,0,0,0,0,0,0,0,0,0,0,0,0,0,2,5
108,"6/26/2004",2004,"Bas-Gordali","Nozhai-Yurtovskiy",14,9,0,3,695,6.54391193389893,0,0,0,0,684,6.52795791625977,0,1.48160004615784,0.393122613430023,1,0,90,NA,NA,NA,NA,0,0,NA,NA,NA,NA,NA,NA,0,0,0,2,6
108,"6/26/2004",2004,"Serzhen-Yurt","Shalinskiy",111,10,1,2,3244,8.08456230163574,2,2,-2,0,325,5.7838249206543,0,5.23600006103516,1.65555799007416,1,0,90,8,1,0,0,0,0,3,1,1.38629400730133,6,1,1.94590997695923,-1,1,0,0,1
109,"7/5/2004",2004,"Achireshki","Nozhai-Yurtovskiy",1,9,0,3,240,5.48063898086548,0,0,0,0,408,6.01126718521118,0,3.29640007019043,1.19283103942871,1,0,90,NA,NA,NA,NA,0,0,NA,NA,NA,NA,NA,NA,0,0,0,0,6
109,"7/5/2004",2004,"Morzoi-Mokkh","Vedenskiy",86,15,1,3,153,5.03043794631958,0,0,0,0,581,6.36475086212158,0,2.77800011634827,1.02173101902008,1,0,90,0,0,2,1,0,0,0,0,0,0,0,0,0,0,0,4,8
110,"7/9/2004",2004,"Kirova","Naurskiy",68,8,0,1,2100,7.64969301223755,1,1,-1,0,161,5.08140420913696,1,3.48900008201599,1.24961495399475,0,0,90,NA,NA,NA,NA,0,1,NA,NA,NA,NA,NA,NA,-1,1,0,0,1
110,"7/9/2004",2004,"Urus-Martan","Urus-Martanovskiy",136,14,1,2,41122,10.6243000030518,2,2,-1,0,234,5.45532083511353,1,3.7739999294281,1.32813501358032,0,1,11,0,0,0,0,1,1,0,0,0,5,1,1.79175901412964,-1,1,0,0,3
111,"7/12/2004",2004,"Evli","Vedenskiy",39,15,0,3,75,4.31748819351196,0,0,0,0,1130,7.02997303009033,0,7.22279977798462,1.97724294662476,1,0,90,NA,NA,NA,NA,0,0,NA,NA,NA,NA,NA,NA,0,0,0,0,0
111,"7/12/2004",2004,"Vedeno","Vedenskiy",138,15,1,3,1512,7.32118797302246,6,6,-5,0,702,6.55393409729004,0,1.3309999704361,0.285930514335632,1,0,90,2,1,2,1,0,0,0,0,0,2,1,1.09861195087433,-1,1,0,0,7
112,"7/13/2004",2004,"Avtury","Shalinskiy",12,10,1,2,10724,9.28023910522461,5,5,-2,0,247,5.5093879699707,0,5.23600006103516,1.65555799007416,1,1,11,0,0,0,0,1,0,0,0,0,1,1,0.6931471824646,-1,1,0,0,1
112,"7/13/2004",2004,"Staropomyslovskiy (Groznyy)","Groznyy",121,2,0,1,20864,9.94578075408936,8,8,1,1,130,4.86753511428833,0,4.68400001525879,1.54415202140808,0,1,27,NA,NA,NA,NA,1,0,NA,NA,NA,NA,NA,NA,1,0,1,0,4
113,"8/13/2004",2004,"Gudermes","Gudermesskiy",54,4,0,2,33578,10.4216299057007,7,7,-5,0,48,3.8712010383606,0,8.67399978637695,2.16033005714417,1,1,27,NA,NA,NA,NA,1,1,NA,NA,NA,NA,NA,NA,-1,1,0,0,0
113,"8/13/2004",2004,"Makhkety","Vedenskiy",77,15,1,3,3495,8.15908908843994,0,0,0,0,649,6.47543287277222,0,1.67599999904633,0.516409993171692,1,0,90,0,0,0,0,0,0,0,0,0,6,1,1.94590997695923,0,0,0,0,6
114,"9/4/2004",2004,"Borzoi","Shatoiskiy",20,11,0,3,4313,8.36938858032227,0,0,0,0,919,6.82328605651855,0,0.925999999046326,-0.0768809989094734,0,0,90,NA,NA,NA,NA,0,0,NA,NA,NA,NA,NA,NA,0,0,0,3,5
114,"9/4/2004",2004,"Chechen-Aul","Groznenskiy",22,3,1,2,6281,8.74528408050537,3,3,1,0,202,5.30826807022095,0,6.49200010299683,1.87057101726532,0,0,2,0,0,0,0,1,0,0,0,0,1,1,0.6931471824646,1,0,1,0,0
115,"9/11/2004",2004,"Regety (Regita)","Kurchaloevskiy",106,6,0,2,2000,7.60090303421021,0,0,0,0,694,6.54247188568115,0,1.85199999809265,0.616266071796417,1,0,90,NA,NA,NA,NA,0,0,NA,NA,NA,NA,NA,NA,0,0,0,4,6
115,"9/11/2004",2004,"Serzhen-Yurt","Shalinskiy",111,10,1,2,3244,8.08456230163574,0,0,1,0,325,5.7838249206543,0,5.23600006103516,1.65555799007416,1,0,30,8,1,0,0,1,0,3,1,1.38629400730133,7,1,2.07944202423096,1,0,1,0,1
116,"9/21/2004",2004,"Aslanbek-Sherpivo","Vedenskiy",10,15,0,3,204,5.31812000274658,0,0,0,0,986,6.89365577697754,0,0.740800023078918,-0.300024598836899,1,0,90,NA,NA,NA,NA,0,0,NA,NA,NA,NA,NA,NA,0,0,0,0,4
116,"9/21/2004",2004,"Tangy-Chu","Urus-Martanovskiy",125,14,1,2,1624,7.39264822006226,0,0,0,0,322,5.7745509147644,0,3.22499990463257,1.17093300819397,0,0,90,0,0,0,0,0,1,0,0,0,1,1,0.6931471824646,0,0,0,2,3
117,"10/2/2004",2004,"Makhkety","Vedenskiy",77,15,1,3,3495,8.15908908843994,0,0,1,0,649,6.47543287277222,0,1.67599999904633,0.516409993171692,1,0,90,1,1,3,1,0,0,0,0,0,4,1,1.60943794250488,1,0,1,0,6
117,"10/2/2004",2004,"Maloye (Malyye Varandy)","Groznenskiy",78,3,0,2,12,2.48490691184998,0,0,0,0,839,6.73221111297607,0,1.48160004615784,0.393122613430023,0,0,90,NA,NA,NA,NA,0,0,NA,NA,NA,NA,NA,NA,0,0,0,2,6
118,"10/3/2004",2004,"Chechen-Aul","Groznenskiy",22,3,1,2,6281,8.74528408050537,2,2,1,0,202,5.30826807022095,0,6.49200010299683,1.87057101726532,0,0,8,0,0,0,0,1,0,17,1,2.89037203788757,2,1,1.09861195087433,1,0,1,0,0
118,"10/3/2004",2004,"Staraya Sunzha","Groznenskiy",120,3,0,2,5441,8.60171794891357,0,0,0,0,114,4.73619794845581,0,2.77800011634827,1.02173101902008,0,0,90,NA,NA,NA,NA,0,0,NA,NA,NA,NA,NA,NA,0,0,0,0,2
119,"11/2/2004",2004,"Petropavlovskaya","Groznenskiy",102,3,1,2,3257,8.08856201171875,1,1,0,0,116,4.75359010696411,1,6.12900018692017,1.81303203105927,0,0,24,0,0,0,0,1,0,0,0,0,1,1,0.6931471824646,0,0,0,0,1
119,"11/2/2004",2004,"Tolstoy-Yurt","Groznenskiy",130,3,0,2,6934,8.84419345855713,0,0,0,0,149,5.00394582748413,1,1.22599995136261,0.203756794333458,1,1,90,NA,NA,NA,NA,0,0,NA,NA,NA,NA,NA,NA,0,0,0,0,2
120,"12/3/2004",2004,"Tashi","Kurchaloevskiy",126,6,0,2,587,6.37502479553223,0,0,0,0,674,6.51322984695435,0,3.14840006828308,1.1468939781189,1,0,90,NA,NA,NA,NA,0,0,NA,NA,NA,NA,NA,NA,0,0,0,0,6
120,"12/3/2004",2004,"Tazen-Kale","Vedenskiy",127,15,1,3,243,5.49306201934814,0,0,0,0,698,6.54821920394897,0,1.11119997501373,0.105440497398376,1,0,90,1,1,2,1,0,0,0,0,0,1,1,0.6931471824646,0,0,0,2,5
121,"12/10/2004",2004,"Goryacheistochnenskaya","Groznenskiy",51,3,0,2,1002,6.90975284576416,0,0,0,0,287,5.6594820022583,0,1.79999995231628,0.587786614894867,0,1,90,NA,NA,NA,NA,0,0,NA,NA,NA,NA,NA,NA,0,0,0,0,2
121,"12/10/2004",2004,"Makhkety","Vedenskiy",77,15,1,3,3495,8.15908908843994,0,0,0,0,649,6.47543287277222,0,1.67599999904633,0.516409993171692,1,0,90,1,1,1,1,0,0,3,1,1.38629400730133,5,1,1.79175901412964,0,0,0,0,6
122,"12/21/2004",2004,"Avtury","Shalinskiy",12,10,1,2,10724,9.28023910522461,2,2,2,0,247,5.5093879699707,0,5.23600006103516,1.65555799007416,1,1,8,0,0,0,0,1,1,0,0,0,2,1,1.09861195087433,1,0,1,0,1
122,"12/21/2004",2004,"Regety","Kurchaloevskiy",106,6,0,2,2000,7.60090303421021,0,0,0,0,694,6.54247188568115,0,1.85199999809265,0.616266071796417,1,0,90,NA,NA,NA,NA,0,0,NA,NA,NA,NA,NA,NA,0,0,0,4,6
123,"12/21/2004",2004,"Dargo","Vedenskiy",28,15,1,3,203,5.3132061958313,0,0,2,0,687,6.5323338508606,0,2.90899991989136,1.06780898571014,1,0,15,0,0,0,0,1,0,0,0,0,0,0,0,1,0,1,0,5
123,"12/21/2004",2004,"Mesedoy","Vedenskiy",83,15,0,3,600,6.39693021774292,0,0,0,0,714,6.57088279724121,0,0.740800023078918,-0.300024598836899,1,0,90,NA,NA,NA,NA,0,0,NA,NA,NA,NA,NA,NA,0,0,0,0,4
124,"12/21/2004",2004,"Elistanzhi","Vedenskiy",36,15,1,3,1845,7.52023506164551,2,2,-2,0,702,6.55393409729004,0,2.84699988365173,1.04626595973969,1,1,3,1,1,2,1,1,0,0,0,0,0,0,0,-1,1,0,0,4
124,"12/21/2004",2004,"Sredniye kurchali","Kurchaloevskiy",119,6,0,2,1195,7.08590078353882,0,0,0,0,719,6.57786083221436,0,0.925999999046326,-0.0768809989094734,1,0,90,NA,NA,NA,NA,0,0,NA,NA,NA,NA,NA,NA,0,0,0,0,8
125,"12/23/2004",2004,"Dzhalka","Gudermesskiy",34,4,1,2,5390,8.59230041503906,0,0,0,0,83,4.41883993148804,0,1.14999997615814,0.13976189494133,1,1,90,1,1,0,0,0,0,2,1,1.09861195087433,1,1,0.6931471824646,0,0,0,2,3
125,"12/23/2004",2004,"Oktyabr'skiy (Groznyy)","Groznyy",97,2,0,1,16520,9.712327003479,10,10,-2,1,130,4.86753511428833,0,4.68400001525879,1.54415202140808,0,1,29,NA,NA,NA,NA,1,0,NA,NA,NA,NA,NA,NA,-1,1,0,0,4
126,"12/26/2004",2004,"Dzhalka","Gudermesskiy",34,4,1,2,5390,8.59230041503906,0,0,0,0,83,4.41883993148804,0,1.14999997615814,0.13976189494133,1,1,90,0,0,0,0,0,0,4,1,1.60943794250488,2,1,1.09861195087433,0,0,0,2,3
126,"12/26/2004",2004,"Pervomayskaya","Groznenskiy",101,3,0,2,4106,8.32020473480225,0,0,0,0,167,5.11799383163452,0,2.20300006866455,0.789820075035095,0,0,90,NA,NA,NA,NA,0,1,NA,NA,NA,NA,NA,NA,0,0,0,0,3
127,"12/28/2004",2004,"Chechen-Aul","Groznenskiy",22,3,1,2,6281,8.74528408050537,3,3,-3,0,202,5.30826807022095,0,6.49200010299683,1.87057101726532,0,0,90,0,0,10,1,0,0,17,1,2.89037203788757,3,1,1.38629400730133,-1,1,0,0,0
127,"12/28/2004",2004,"Geldagan (Gel'dygen)","Kurchaloevskiy",45,6,0,2,6401,8.76420974731445,0,0,0,0,162,5.08759593963623,0,4.26100015640259,1.4495040178299,1,0,90,NA,NA,NA,NA,0,0,NA,NA,NA,NA,NA,NA,0,0,0,0,2
128,"12/29/2004",2004,"Agishbatoi","Vedenskiy",3,15,1,3,14,2.63905692100525,0,0,0,0,816,6.70441389083862,0,1.48160004615784,0.393122613430023,1,0,90,0,0,0,0,0,0,0,0,0,0,0,0,0,0,0,0,5
128,"12/29/2004",2004,"Zumsoj","Itum-Kalinskiy",147,5,0,3,378,5.93489408493042,0,0,0,0,883,6.7833251953125,0,0.689499974250793,-0.371788591146469,0,0,90,NA,NA,NA,NA,0,0,NA,NA,NA,NA,NA,NA,0,0,0,5,9
129,"1/6/2005",2005,"Elistanzhi","Vedenskiy",36,15,1,3,1845,7.52023506164551,2,2,-2,0,702,6.55393409729004,0,2.84699988365173,1.04626595973969,1,1,90,0,0,0,0,0,0,0,0,0,1,1,0.6931471824646,-1,1,0,0,4
129,"1/6/2005",2005,"Komsomolskoe","Urus-Martanovskiy",69,14,0,2,2798,7.93665981292725,0,0,0,0,329,5.796058177948,0,3.7039999961853,1.30941295623779,0,0,90,NA,NA,NA,NA,0,1,NA,NA,NA,NA,NA,NA,0,0,0,0,5
130,"1/6/2005",2005,"Grushevoye","Urus-Martanovskiy",53,14,0,2,2200,7.69621276855469,0,0,0,0,372,5.91889381408691,0,3.22499990463257,1.17093300819397,0,0,90,NA,NA,NA,NA,0,0,NA,NA,NA,NA,NA,NA,0,0,0,0,4
130,"1/6/2005",2005,"Makhkety","Vedenskiy",77,15,1,3,3495,8.15908908843994,1,1,-1,0,649,6.47543287277222,0,1.67599999904633,0.516409993171692,1,0,49,0,0,0,0,1,0,0,0,0,7,1,2.07944202423096,-1,1,0,0,6
131,"1/6/2005",2005,"Lipovka","Vedenskiy",76,15,0,3,1612,7.38523101806641,0,0,0,0,341,5.83188199996948,0,1.66680002212524,0.510905623435974,1,0,90,NA,NA,NA,NA,0,0,NA,NA,NA,NA,NA,NA,0,0,0,2,4
131,"1/6/2005",2005,"Tsa-Vedeno","Vedenskiy",132,15,1,3,1502,7.31455278396606,0,0,0,0,603,6.40191698074341,0,1.92499995231628,0.654925882816315,1,0,90,0,0,0,0,0,0,0,0,0,1,1,0.6931471824646,0,0,0,1,7
132,"1/15/2005",2005,"Tolstoy-Yurt","Groznenskiy",130,3,0,2,6934,8.84419345855713,0,0,1,0,149,5.00394582748413,1,1.22599995136261,0.203756794333458,1,1,53,NA,NA,NA,NA,1,0,NA,NA,NA,NA,NA,NA,1,0,1,0,2
132,"1/15/2005",2005,"Zumsoj","Itum-Kalinskiy",147,5,1,3,378,5.93489408493042,0,0,0,0,883,6.7833251953125,0,0.689499974250793,-0.371788591146469,0,0,90,0,0,0,0,0,1,4,1,1.60943794250488,0,0,0,0,0,0,5,9
133,"1/20/2005",2005,"Leshkoroy","Shatoiskiy",75,11,0,3,90,4.49981021881104,0,0,0,0,300,5.68324089050293,0,1.48160004615784,0.393122613430023,0,0,90,NA,NA,NA,NA,0,0,NA,NA,NA,NA,NA,NA,0,0,0,5,5
133,"1/20/2005",2005,"Serzhen-Yurt","Shalinskiy",111,10,1,2,3244,8.08456230163574,3,3,-3,0,325,5.7838249206543,0,5.23600006103516,1.65555799007416,1,0,90,0,0,0,0,0,1,0,0,0,8,1,2.19722509384155,-1,1,0,0,1
134,"1/27/2005",2005,"Avarskoye","Shatoiskiy",11,11,0,3,125,4.82831382751465,0,0,0,0,787,6.66822814941406,0,1.4210000038147,0.351360887289047,0,0,90,NA,NA,NA,NA,0,0,NA,NA,NA,NA,NA,NA,0,0,0,2,8
134,"1/27/2005",2005,"Dachu-Borzoi","Shatoiskiy",26,11,1,3,412,6.02102279663086,2,2,0,0,422,6.04500484466553,0,1.80299997329712,0.589451909065247,0,0,18,0,0,0,0,1,0,1,1,0.6931471824646,0,0,0,0,0,0,1,5
135,"1/30/2005",2005,"Gikalovskiy","Groznenskiy",48,3,0,2,225,5.41610097885132,0,0,0,0,168,5.12396383285522,0,3.61999988555908,1.28647398948669,0,0,90,NA,NA,NA,NA,0,0,NA,NA,NA,NA,NA,NA,0,0,0,1,3
135,"1/30/2005",2005,"Serzhen-Yurt","Shalinskiy",111,10,1,2,3244,8.08456230163574,3,3,-3,0,325,5.7838249206543,0,5.23600006103516,1.65555799007416,1,0,90,0,0,7,1,0,1,0,0,0,9,1,2.3025848865509,-1,1,0,0,1
136,"2/27/2005",2005,"Serzhen-Yurt","Shalinskiy",111,10,1,2,3244,8.08456230163574,1,1,-1,0,325,5.7838249206543,0,5.23600006103516,1.65555799007416,1,0,90,1,1,1,1,0,1,6,1,1.94590997695923,10,1,2.39789509773254,-1,1,0,0,1
136,"2/27/2005",2005,"Staropomyslovskiy (Groznyy)","Groznyy",121,2,0,1,20864,9.94578075408936,8,8,-3,1,130,4.86753511428833,0,4.68400001525879,1.54415202140808,0,1,13,NA,NA,NA,NA,1,1,NA,NA,NA,NA,NA,NA,-1,1,0,0,4
137,"4/10/2005",2005,"Dzhugurty","Kurchaloevskiy",35,6,0,2,1015,6.92264413833618,0,0,0,0,350,5.85793304443359,0,3.88919997215271,1.35820400714874,1,0,90,NA,NA,NA,NA,0,0,NA,NA,NA,NA,NA,NA,0,0,0,0,3
137,"4/10/2005",2005,"Serzhen-Yurt","Shalinskiy",111,10,1,2,3244,8.08456230163574,0,0,0,0,325,5.7838249206543,0,5.23600006103516,1.65555799007416,1,0,90,8,1,0,0,0,1,3,1,1.38629400730133,11,1,2.48490691184998,0,0,0,0,1
138,"5/29/2005",2005,"Pervomayskaya","Groznenskiy",101,3,0,2,4106,8.32020473480225,0,0,1,0,167,5.11799383163452,0,2.20300006866455,0.789820075035095,0,0,70,NA,NA,NA,NA,1,1,NA,NA,NA,NA,NA,NA,1,0,1,0,3
138,"5/29/2005",2005,"Verkhny Dai","Shatoiskiy",139,11,1,3,196,5.27811479568481,0,0,0,0,738,6.60394382476807,0,0.439999997615814,-0.820980489253998,0,0,90,0,0,1,1,0,0,1,1,0.6931471824646,0,0,0,0,0,0,5,12
139,"6/5/2005",2005,"Aslanbek-Sherpivo","Vedenskiy",10,15,1,3,204,5.31812000274658,0,0,0,0,986,6.89365577697754,0,0.740800023078918,-0.300024598836899,1,0,90,0,0,0,0,0,0,0,0,0,0,0,0,0,0,0,0,4
139,"6/5/2005",2005,"Oktyabr'skiy (Groznyy)","Groznyy",97,2,0,1,16520,9.712327003479,6,6,1,1,130,4.86753511428833,0,4.68400001525879,1.54415202140808,0,1,10,NA,NA,NA,NA,1,1,NA,NA,NA,NA,NA,NA,1,0,1,0,4
140,"6/5/2005",2005,"Dai","Shatoiskiy",27,11,1,3,250,5.52146100997925,0,0,0,0,688,6.53378915786743,0,5.21299982070923,1.6511549949646,0,0,90,0,0,0,0,0,0,0,0,0,0,0,0,0,0,0,4,11
140,"6/5/2005",2005,"Ishtiburi","Vedenskiy",58,15,0,3,69,4.23410701751709,0,0,0,0,657,6.48768377304077,0,1.48160004615784,0.393122613430023,1,0,90,NA,NA,NA,NA,0,0,NA,NA,NA,NA,NA,NA,0,0,0,1,6
141,"6/5/2005",2005,"Gatin-Kali","Shatoiskiy",42,11,1,3,155,5.0434250831604,0,0,0,0,1128,7.02820205688477,0,0.75,-0.287682086229324,0,0,90,0,0,0,0,0,0,0,0,0,0,0,0,0,0,0,3,5
141,"6/5/2005",2005,"Germenchuk","Shalinskiy",46,10,0,2,6754,8.81789016723633,2,2,-2,0,186,5.22574710845947,0,5,1.60943794250488,1,0,90,NA,NA,NA,NA,0,0,NA,NA,NA,NA,NA,NA,-1,1,0,0,1
142,"6/5/2005",2005,"Khal-Keloi","Shatoiskiy",60,11,1,3,500,6.21460819244385,0,0,0,0,1026,6.93342304229736,0,1.79999995231628,0.587786614894867,0,0,90,0,0,0,0,0,0,0,0,0,0,0,0,0,0,0,0,5
142,"6/5/2005",2005,"Kirov-Yurt","Vedenskiy",67,15,0,3,1637,7.4006199836731,1,1,-1,0,571,6.34738922119141,0,1.66680002212524,0.510905623435974,1,0,90,NA,NA,NA,NA,0,0,NA,NA,NA,NA,NA,NA,-1,1,0,1,5
143,"6/5/2005",2005,"Goryacheistochnenskaya","Groznenskiy",51,3,0,2,1002,6.90975284576416,0,0,0,0,287,5.6594820022583,0,1.79999995231628,0.587786614894867,0,1,90,NA,NA,NA,NA,0,0,NA,NA,NA,NA,NA,NA,0,0,0,0,2
143,"6/5/2005",2005,"Marshen-Kali","Vedenskiy",80,15,1,3,500,6.21460819244385,0,0,0,0,1139,7.03790616989136,0,0.740800023078918,-0.300024598836899,1,0,90,0,0,0,0,0,1,0,0,0,0,0,0,0,0,0,1,7
144,"6/5/2005",2005,"Kulary","Urus-Martanovskiy",71,14,0,2,3458,8.14844608306885,1,1,-1,0,165,5.10594606399536,0,2.48900008201599,0.911881029605865,0,0,90,NA,NA,NA,NA,0,0,NA,NA,NA,NA,NA,NA,-1,1,0,0,5
144,"6/5/2005",2005,"Musolt-Aul","Vedenskiy",87,15,1,3,482,6.17794418334961,0,0,0,0,1139,7.03790616989136,0,0.740800023078918,-0.300024598836899,1,0,90,0,0,0,0,0,0,0,0,0,0,0,0,0,0,0,1,6
145,"6/5/2005",2005,"Guni","Vedenskiy",55,15,0,3,710,6.56526517868042,0,0,2,0,678,6.51914691925049,0,3.14840006828308,1.1468939781189,1,0,55,NA,NA,NA,NA,1,0,NA,NA,NA,NA,NA,NA,1,0,1,0,6
145,"6/5/2005",2005,"Sharo-Argun","Vedenskiy",114,15,1,3,540,6.29156923294067,0,0,0,0,893,6.79458713531494,0,1.79999995231628,0.587786614894867,1,0,90,1,1,0,0,0,0,0,0,0,1,1,0.6931471824646,0,0,0,0,6
146,"6/30/2005",2005,"Makhkety","Vedenskiy",77,15,1,3,3495,8.15908908843994,2,2,-1,0,649,6.47543287277222,0,1.67599999904633,0.516409993171692,1,0,6,0,0,0,0,1,0,0,0,0,9,1,2.3025848865509,-1,1,0,0,6
146,"6/30/2005",2005,"Roshni-chu","Urus-Martanovskiy",107,14,0,2,4435,8.39728260040283,1,1,0,0,357,5.87773609161377,0,3.77500009536743,1.32840001583099,0,0,43,NA,NA,NA,NA,1,0,NA,NA,NA,NA,NA,NA,0,0,0,0,4
147,"7/7/2005",2005,"Eshilkhatoy","Vedenskiy",38,15,1,3,341,5.83188199996948,1,1,0,0,698,6.54821920394897,0,2.69400000572205,0.991027116775513,1,0,40,0,0,0,0,1,0,0,0,0,1,1,0.6931471824646,0,0,0,0,4
147,"7/7/2005",2005,"Trekhgor'ye","Shalinskiy",131,10,0,2,569,6.34388113021851,0,0,0,0,548,6.30627489089966,0,3.7039999961853,1.30941295623779,1,0,90,NA,NA,NA,NA,0,0,NA,NA,NA,NA,NA,NA,0,0,0,3,5
148,"8/23/2005",2005,"Eshilkhatoy","Vedenskiy",38,15,1,3,341,5.83188199996948,2,2,-2,0,698,6.54821920394897,0,2.69400000572205,0.991027116775513,1,0,90,0,0,0,0,0,0,0,0,0,2,1,1.09861195087433,-1,1,0,0,4
148,"8/23/2005",2005,"Gudermes","Gudermesskiy",54,4,0,2,33578,10.4216299057007,4,4,2,0,48,3.8712010383606,0,8.67399978637695,2.16033005714417,1,1,14,NA,NA,NA,NA,1,1,NA,NA,NA,NA,NA,NA,1,0,1,0,0
149,"8/24/2005",2005,"Pamyatoy","Shatoiskiy",100,11,1,3,395,5.97888612747192,0,0,0,0,641,6.46302890777588,0,0.555599987506866,-0.587706685066223,0,0,90,0,0,0,0,0,0,0,0,0,0,0,0,0,0,0,4,6
149,"8/24/2005",2005,"Sredniye kurchali","Kurchaloevskiy",119,6,0,2,1195,7.08590078353882,0,0,0,0,719,6.57786083221436,0,0.925999999046326,-0.0768809989094734,1,0,90,NA,NA,NA,NA,0,0,NA,NA,NA,NA,NA,NA,0,0,0,0,8
150,"10/3/2005",2005,"Goichu","Urus-Martanovskiy",49,14,0,2,1800,7.49554204940796,0,0,0,0,369,5.91079711914062,0,0.710300028324127,-0.342067807912827,0,0,90,NA,NA,NA,NA,0,0,NA,NA,NA,NA,NA,NA,0,0,0,1,3
150,"10/3/2005",2005,"Khatuni","Vedenskiy",64,15,1,3,1613,7.38585090637207,0,0,0,0,614,6.41999483108521,0,2.16199994087219,0.771033704280853,1,0,90,0,0,0,0,0,0,0,0,0,2,1,1.09861195087433,0,0,0,0,3
151,"10/4/2005",2005,"Elistanzhi","Vedenskiy",36,15,1,3,1845,7.52023506164551,0,0,1,0,702,6.55393409729004,0,2.84699988365173,1.04626595973969,1,1,90,0,0,0,0,0,1,0,0,0,2,1,1.09861195087433,1,0,1,0,4
151,"10/4/2005",2005,"Regety","Kurchaloevskiy",106,6,0,2,2000,7.60090303421021,0,0,1,0,694,6.54247188568115,0,1.85199999809265,0.616266071796417,1,0,36,NA,NA,NA,NA,1,0,NA,NA,NA,NA,NA,NA,1,0,1,4,6
152,"10/4/2005",2005,"Bas-Gordali","Nozhai-Yurtovskiy",14,9,0,3,695,6.54391193389893,0,0,0,0,684,6.52795791625977,0,1.48160004615784,0.393122613430023,1,0,90,NA,NA,NA,NA,0,0,NA,NA,NA,NA,NA,NA,0,0,0,2,6
152,"10/4/2005",2005,"Eshilkhatoy","Vedenskiy",38,15,1,3,341,5.83188199996948,1,1,-1,0,698,6.54821920394897,0,2.69400000572205,0.991027116775513,1,0,90,1,1,0,0,0,0,0,0,0,3,1,1.38629400730133,-1,1,0,0,4
153,"10/4/2005",2005,"Borzoi","Shatoiskiy",20,11,0,3,4313,8.36938858032227,1,1,-1,0,919,6.82328605651855,0,0.925999999046326,-0.0768809989094734,0,0,90,NA,NA,NA,NA,0,0,NA,NA,NA,NA,NA,NA,-1,1,0,3,5
153,"10/4/2005",2005,"Makhkety","Vedenskiy",77,15,1,3,3495,8.15908908843994,0,0,0,0,649,6.47543287277222,0,1.67599999904633,0.516409993171692,1,0,90,1,1,3,1,0,0,0,0,0,8,1,2.19722509384155,0,0,0,0,6
154,"10/6/2005",2005,"Avtury","Shalinskiy",12,10,1,2,10724,9.28023910522461,4,4,-1,0,247,5.5093879699707,0,5.23600006103516,1.65555799007416,1,1,37,0,0,0,0,1,0,0,0,0,3,1,1.38629400730133,-1,1,0,0,1
154,"10/6/2005",2005,"Staropomyslovskiy (Groznyy)","Groznyy",121,2,0,1,20864,9.94578075408936,7,7,-2,1,130,4.86753511428833,0,4.68400001525879,1.54415202140808,0,1,11,NA,NA,NA,NA,1,1,NA,NA,NA,NA,NA,NA,-1,1,0,0,4
155,"10/19/2005",2005,"Sovetskoye","Shatoiskiy",118,11,0,3,1103,7.00578880310059,0,0,0,0,526,6.26530122756958,0,1.66680002212524,0.510905623435974,0,0,90,NA,NA,NA,NA,0,0,NA,NA,NA,NA,NA,NA,0,0,0,2,6
155,"10/19/2005",2005,"Vedeno","Vedenskiy",138,15,1,3,1512,7.32118797302246,8,8,-6,0,702,6.55393409729004,0,1.3309999704361,0.285930514335632,1,0,6,2,1,2,1,1,1,0,0,0,3,1,1.38629400730133,-1,1,0,0,7
156,"11/9/2005",2005,"Oktyabr'skiy (Groznyy)","Groznyy",97,2,0,1,16520,9.712327003479,5,5,1,1,130,4.86753511428833,0,4.68400001525879,1.54415202140808,0,1,3,NA,NA,NA,NA,1,1,NA,NA,NA,NA,NA,NA,1,0,1,0,4
156,"11/9/2005",2005,"Starye Atagi","Groznenskiy",122,3,1,2,11205,9.32411575317383,0,0,0,0,273,5.60947179794312,0,3.66899991035461,1.29991900920868,0,1,90,0,0,10,1,0,0,0,0,0,7,1,2.07944202423096,0,0,0,0,2
157,"12/16/2005",2005,"Alkhan-Yurt","Urus-Martanovskiy",7,14,0,2,8040,8.99218463897705,0,0,1,0,165,5.10594606399536,0,2.62700009346008,0.965842485427856,0,1,48,NA,NA,NA,NA,1,0,NA,NA,NA,NA,NA,NA,1,0,1,0,4
157,"12/16/2005",2005,"Chechen-Aul","Groznenskiy",22,3,1,2,6281,8.74528408050537,2,2,-1,0,202,5.30826807022095,0,6.49200010299683,1.87057101726532,0,0,24,1,1,1,1,1,0,3,1,1.38629400730133,4,1,1.60943794250488,-1,1,0,0,0
158,"7/16/2000",2000,"Agishty","Shalinskiy",4,10,1,2,780,6.65929412841797,2,2,-2,0,455,6.12029695510864,0,4.78800010681152,1.56611299514771,1,0,90,6,1,11,1,0,0,8,1,2.19722509384155,1,1,0.6931471824646,-1,1,0,0,3
158,"7/16/2000",2000,"Bas-Gordali","Nozhai-Yurtovskiy",14,9,0,3,695,6.54391193389893,0,0,0,0,684,6.52795791625977,0,1.48160004615784,0.393122613430023,1,0,90,NA,NA,NA,NA,0,0,NA,NA,NA,NA,NA,NA,0,0,0,2,6
159,"3/31/2001",2001,"Kharsenoi","Shatoiskiy",63,11,0,3,1800,7.49554204940796,1,1,-1,0,796,6.67959880828857,0,1.48160004615784,0.393122613430023,0,0,90,NA,NA,NA,NA,0,0,NA,NA,NA,NA,NA,NA,-1,1,0,2,5
159,"3/31/2001",2001,"Mayrtup","Kurchaloevskiy",82,6,1,2,6348,8.75589466094971,0,0,1,0,201,5.30330514907837,0,3.24399995803833,1.17680704593658,1,0,69,7,1,8,1,1,0,0,0,0,0,0,0,1,0,1,0,2
