"district","CDU","SPD","AfD","Die.Linke","Grune","FDP","unemploymentrate","migrantfraction","catholicfraction"
"Flensburg – Schleswig",39.999295187304,28.0145426352947,6.21468594720953,7.1291804203033,10.5128687051416,6.54477322651505,7.16,10,5.1
"Nordfriesland – Dithmarschen Nord",45.1483310490859,25.1521018701822,5.88103059441193,5.15007142805346,9.4531584252471,8.05142819849022,7.05,8,5.2
"Steinburg – Dithmarschen Süd",41.8786244202838,26.1462527600987,7.64270378888015,5.48199536991053,6.71668589503602,11.033518485976,6.3,9.2,4.2
"Rendsburg-Eckernförde",42.68042690036,28.8721476982998,6.82630587692663,5.17225916388003,8.95440160920424,6.45539454971749,5.18,8.5,4.9
"Kiel",30.5001134801009,31.0514932646222,6.13660334032015,7.37620656048489,14.403294928107,7.46231793119101,9.65,18,7.3
"Plön – Neumünster",40.6999823739932,28.9127819203151,7.83437684402517,5.37133398217474,8.99386155154841,7.18757902965001,6.72,10.8,5.6
"Pinneberg",39.6657621107499,30.3393428087805,7.91477471184073,6.05604664284371,8.2640586797066,7.76001504607861,4.96,15,6.4
"Segeberg – Stormarn-Mitte",41.1017789138714,27.3389326516772,8.18143878136575,5.65079033856748,8.34733162919297,8.14335646095258,4.39,13.3,5.8
"Ostholstein – Stormarn-Nord",41.5214477211796,30.7589754050589,7.85857908847185,4.41630726191864,6.94646811982749,7.31728639701597,6.32,8.4,6.1
"Herzogtum Lauenburg – Stormarn-Süd",39.495311897039,27.2050771268552,9.09199945766106,5.10267936296034,9.74541358559047,8.22530011159667,4.65,12.7,6.8
"Lübeck",35.296173471369,33.8415178744787,8.64793917318401,NA,13.037535240255,6.45469442912728,9.12,16.5,8.1
"Schwerin – Ludwigslust-Parchim I – Nordwestmecklenburg I",32.0651438076633,22.0930607402823,15.9655196869177,17.1859989813221,3.76330567429386,4.81615442641341,7.71,4.7,3.8
"Ludwigslust-Parchim II – Nordwestmecklenburg II – Landkreis Rostock I",30.0008285232953,23.9602032643818,17.4417962385042,16.1796790853103,4.04457455328786,5.72371509845618,8.33,3.6,3.2
"Rostock – Landkreis Rostock II",29.5393187785846,17.9094909947115,14.6568621408055,24.775946449044,5.14244504986501,4.54147610300916,8.83,5.5,3.1
"Vorpommern-Rügen – Vorpommern-Greifswald I",43.9848502922581,11.6259095789097,19.1900274364786,15.9083860193248,3.03053799355839,3.11881188118812,12.27,3.3,2.6
"Mecklenburgische Seenplatte I – Vorpommern-Greifswald II ",31.2175437008103,13.8988947882378,23.4584268354987,19.0537473081077,2.52148663592682,5.75951781984208,13.15,3.3,3.1
"Mecklenburgische Seenplatte II – Landkreis Rostock III",37.6331552078871,15.7216187179181,18.3970114248397,17.3380895870345,3.33335674009367,4.6717552963647,11.41,2.6,4
"Hamburg-Mitte",24.260484507172,30.9251933364428,13,13.8303936980669,12.805984072417,6.43840585969216,10.7,28.3,10.8
"Hamburg-Altona",25.9237010184706,28.9142068013119,5.12894873122734,13.6309338857242,14.353875366822,8.63801139306059,6.51,28.3,9.1
"Hamburg-Eimsbüttel",28.7175309982804,31.5982053967392,5.67148933969461,10.4269293924466,15.0071758271595,6.81509638881347,5.6,28.3,9.2
"Hamburg-Nord",33.5390946502058,30.8184099850766,5.46624157735269,7.47524080857414,13.5683760683761,8.41529869307647,4.28,28.3,8.7
"Hamburg-Wandsbek",29.7555660990739,34.5803972563422,9.49150953895537,9.16524622044154,7.08407284399693,7.02725499499183,7.17,28.3,9.2
"Hamburg-Bergedorf – Harburg",28.1017006492915,34.7585650527631,10.8226093971608,10.6541058904662,7.76287197637047,5.22556048560238,8.04,28.3,11.3
"Aurich – Emden",27.61721074632,49.5672935592345,12.0879869712815,6.74046934488173,7.01794638311907,4.93435911408106,7.72,8.8,6.2
"Unterems",50.007151561615,28.0106644086803,7.65903642719424,4.42023720299565,4.7228912905422,4.43854520073003,4.98,13.4,37.7
"Friesland – Wilhelmshaven – Wittmund",32.4243836374492,39.6918551311363,8.29267937497269,5.91678923531725,5.49156096637493,5.87747018305203,8.28,9.9,9
"Oldenburg – Ammerland",30.1999896646168,36.3070527506474,6.65541258275484,8.08456640196602,11.3827020136772,6.1064888980759,6.26,13.9,11.9
"Delmenhorst – Wesermarsch – Oldenburg-Land",34.1138217181444,32.8875098081176,8.988991131084,6.10005468768576,7.68778086882089,9.04070666000903,6.7,15.1,11.1
"Cuxhaven – Stade II",42.7158029795424,30.7071067075344,8.45462969563048,5.78943616793784,6.05246275572029,4.96614156390334,5.87,11,6.3
"Stade I – Rotenburg II",44.4108821235475,28.2112972094069,8.30171718640528,5.26127936335876,6.99300699300699,5.78872922918292,4.98,13.1,5.6
"Mittelems",53.6435150191764,26.3704823493183,5.01049802637104,3.81568265166149,4.98306318412139,5.64597855603147,3.22,18.8,49.2
"Cloppenburg – Vechta",57.7024142908252,20.3536929890574,7.79555632317201,4.08221172232571,4.34745062238616,5.15488718094228,4.47,23.5,62.5
"Diepholz – Nienburg I",44.5886944616621,27.3143386484848,8.14369299721414,5.28427319106619,7.66417142896065,7.0048292726121,4.39,13.4,9.8
"Osterholz – Verden",39.2468371112283,31.9623089088034,8.56088560885609,7.0578545071165,6.6855561412757,5.45071164997364,4.49,14.3,6.6
"Rotenburg I – Heidekreis",36.0901599689104,41.1921926923473,8.19037648607707,4.13920546923949,4.79986041384124,4.48737776297319,5.5,12.8,6.8
"Harburg",40.6349681020734,27.4222488038278,9.23606957735247,5.38152910685805,9.07471092503987,6.51540071770335,4.06,11.7,6.4
"Lüchow-Dannenberg – Lüneburg",33.4772986097682,28.0546065307233,8.68805374703654,8.37433836853678,14.7811512924644,6.62455145147081,6.12,12.1,6.8
"Osnabrück-Land",45.5645510578044,28.2758620689655,6.600033316675,5.26936531734133,7.73813093453273,6.39946693320007,3.56,19.4,37
"Stadt Osnabrück",40.2727632010825,31.6477657130226,12.0879869712815,8.37849243403645,10.1180946766966,8.94116701387261,6.13,22.6,42
"Nienburg II – Schaumburg",40.6448064893105,32.7297724616759,9.13659173712793,4.49027290850347,7.70193166976009,4.49439747026878,5.99,15.3,9.4
"Stadt Hannover I",29.5984528779917,35.6400242862176,8.51816594082858,7.18017525054532,9.07135200773561,6.54678469968293,8.81,24.1,13.7
"Stadt Hannover II",28.9328582653697,33.6961822960414,7.17411331183786,9.33156311810768,11.1652261088682,5.53214837293738,9.13,24.1,13.6
"Hannover-Land I",40.1340485551187,33.0667910530641,9.55998311898892,4.97434530552409,5.95555407476511,5.17813909064659,5.52,24.1,12.3
"Celle – Uelzen",42.6968388838436,29.967779256808,10.0736474130102,4.9145963698792,5.76365649453243,5.49121082816018,6.5,13.4,7.5
"Gifhorn – Peine",36.0068340940046,37.8384190781142,9.86881406963129,5.27252742001004,5.6040765609692,4.81254032354417,4.86,17.3,9.8
"Hameln-Pyrmont – Holzminden",33.350427967785,39.090613601069,9.49257828018347,5.93665354472895,5.42381451117772,5.80302647260645,6.88,15.8,11.4
"Hannover-Land II",35.2398188107043,37.0013814077509,9.40695843997302,5.41961599006243,5.72695244316417,5.40248225051669,6.14,24.1,11.9
"Hildesheim",36.0157273918742,37.202430596926,8.59823662575956,5.06493506493507,7.5604670558799,5.55820326462528,6.41,15.3,23.7
"Salzgitter – Wolfenbüttel",29.1450110636546,42.8292080481655,11.9371687335975,5.97630319559512,4.29681469665003,4.67246436474039,6.94,18.2,13.4
"Braunschweig",31.365482719477,37.9863779969091,7.77794493756582,7.62271427985284,8.04327311022061,5.38383686420395,6.14,21.4,14
"Helmstedt – Wolfsburg",34.9078273160964,38.0219683137994,10.2015725307733,5.98386241828141,4.48789681371106,5.73576182342894,5.03,21.8,14
"Goslar – Northeim – Osterode",39.7595047917966,34.7913271499373,9.3367938890342,5.69985715147979,5.43964482358543,4.97287219416668,6.72,12.4,11.1
"Göttingen",33.2633546029249,34.9079533291149,7.01955659110935,5.85751541996109,11.3128995440541,4.57306075139415,5.65,15.8,20.6
"Bremen I",24.3111269908295,29.8172388778814,7.83285152824244,12.2492177434198,11.9893678067583,11.0425396000476,8.56,26.5,11.2
"Bremen II – Bremerhaven",24.710437988335,34.1414933421371,11.4077803455486,11.5797292835919,7.69230769230769,6.89446461978651,12.87,26.4,10.6
"Prignitz – Ostprignitz-Ruppin – Havelland I",30.8091811917308,23.6969666261316,17.9832117281448,17.6065734360222,2.9919943250912,3.57215241183624,9.76,3.2,2.5
"Uckermark – Barnim I",30.5883732749521,19.4206184760937,20.1813988037062,18.4424723405919,3.68583603737441,3.80155596387662,11.78,4.1,2.6
"Oberhavel – Havelland II",29.8797216917978,22.7135049713571,17.9748030113474,14.7242158863941,5.3137551853559,5.21827879107131,6.38,5.1,4.6
"Märkisch-Oderland – Barnim II",28.3982219039947,15.8250544467317,20.2350905456607,22.5066380261941,5.35278498761896,4.24236999910499,7.42,4.1,2.6
"Brandenburg an der Havel – Potsdam-Mittelmark I – Havelland III – Teltow-Fläming I",31.7897431412922,25.0800944438703,16.9426579430634,15.1340737266375,3.4128580400512,4.58148168758794,9.62,4.6,2.5
"Potsdam – Potsdam-Mittelmark II – Teltow-Fläming II",24.8551776883207,26.1408794241214,12.3454238216554,16.4567755137898,8.03460232645869,7.45376279629792,5.9,6.3,4.8
"Dahme-Spreewald – Teltow-Fläming III – Oberspreewald-Lausitz I",30.7037288135593,19.608406779661,20.2614237288136,16.4154576271186,4.40786440677966,4.83308474576271,6.32,4.8,3.4
"Frankfurt (Oder) – Oder-Spree",27.069424207497,17.1041471848292,21.9349179769335,19.136782434088,3.26569964262155,5.07941340640382,8.4,4.8,2.9
"Cottbus – Spree-Neiße",28.4093186758969,16.9745139456359,25.2655760958387,15.6948149061811,3.32875930865416,5.72549684700658,9.08,4.9,3.1
"Elbe-Elster – Oberspreewald-Lausitz II",29.4857577914232,16.6669425180821,24.6851156093282,16.204339694467,2.93119713997253,5.37165461195981,10.5,2.7,3
"Altmark",32.5652785645111,19.0892977871983,16.4735870776765,19.1669559815082,3.42335593034517,6.74347214354889,10.59,2.9,2.5
"Börde – Jerichower Land",37.7681697649082,19.9906812933817,12.0879869712815,20.285316870285,2.42491931781586,7.59269029689673,8.01,2.7,3.5
"Harz",36.4124003542958,17.5475642161205,16.1502214348981,19.2049601417183,3.16173604960142,4.90558015943313,8.65,2.8,3.4
"Magdeburg",27.4162706248015,21.7219879536833,15.26904893894,18.8736008770017,3.99633752109974,6.72513345001775,10.61,6.4,3.6
"Dessau – Wittenberg",35.2507727179065,12.1953430867505,19.3711106532042,18.1932825056666,4.61240469812487,4.98083659592005,10.05,3.2,3.4
"Anhalt",31.5756123095573,12.8702096592005,22.232553654572,21.1842576521476,1.96572719508499,6.34556574923547,10.36,3.3,4
"Halle",27.0769558389012,21.3292251177895,17.313732797402,20.3157026113344,3.64349029733543,6.74195437485027,10.17,6.4,3.7
"Burgenland – Saalekreis",33.5497785121915,13.1341106740832,23.3597877440827,16.924616566202,2.48640429476885,6.61748163319136,9.34,3,2.8
"Mansfeld",31.0391921833569,15.1574588645527,23.8654607533326,18.0596418582689,2.65664160401003,8.05709926991392,11.67,2.6,3.3
"Berlin-Mitte",18.5720741075463,23.482676990106,13,20.4443215463577,17.9448442379157,6.0348955628545,12.45,24.1,10.3
"Berlin-Pankow",19.5792333005868,16.4076465946242,12.0469832885081,28.7837061611883,14.1508167855743,4.21840357742955,10.43,24.1,6.5
"Berlin-Reinickendorf",36.8212883740604,23.6666938757337,13.1449476472814,7.69818713406897,7.89038208950794,7.15796347553781,8.87,24.1,10.9
"Berlin-Spandau – Charlottenburg Nord",30.9108734948987,32.144060786176,13.4440393394405,7.54465516713135,6.14831949508257,6.34440393394406,9.81,24.1,10.3
"Berlin-Steglitz-Zehlendorf",35.3573471195792,24.5427325027195,8.16969642596808,7.51421426248444,12.7390070762916,9.03040226082471,5.31,24.1,12.2
"Berlin-Charlottenburg-Wilmersdorf",30.1895604219847,27.6119737187238,7.55362775016154,9.43323800932768,13.5839906851173,9.22531652048187,6.83,24.1,12.6
"Berlin-Tempelhof-Schöneberg",28.9667297506131,21.9924075297596,9.07065028723726,10.8360675931421,18.9106260988365,6.36121345143843,8.56,24.1,12.1
"Berlin-Neukölln",24.4228862767313,26.7632063447104,10.7222772978332,16.5684747202946,10.9651607421045,5.06231411981306,12.31,24.1,10.6
"Berlin-Friedrichshain-Kreuzberg – Prenzlauer Berg Ost",12.2256888759294,16.9278320454877,6.14900131214463,24.8700976818778,26.3332847353842,3.05000728969237,11.89,24.1,8.7
"Berlin-Treptow-Köpenick",19.0032576645249,13.7607354853663,14.9472721888158,39.8748438767495,4.98757452068553,3.74373897480139,11.3,24.1,3.9
"Berlin-Marzahn-Hellersdorf",22.2860861871019,12.564625701102,20.5829658717797,34.1976906595295,3.24097433984892,3.55030018501049,12.79,24.1,3.2
"Berlin-Lichtenberg",19.6621128518521,14.0556688514974,15.6939509061023,34.7449477209328,6.00748889965011,3.4225226269805,13.63,24.1,3.8
"Aachen I",33.7342739649344,32.5120748677685,5.60934124688709,8.81375637832911,9.39722547169134,7.34324202125751,9.08,24.6,49.7
"Aachen II",36.4569578985499,36.8852171677631,8.8281003517218,5.13210016476005,4.54667617055586,6.44784351301137,7.21,24.6,60.7
"Heinsberg",45.6053256710431,27.9505270195303,8.28722208787926,4.56892505085276,4.95298786645994,6.63859689051365,6.09,20.6,61.5
"Düren",41.8533720425802,31.7295691927787,8.94517302365936,4.41218673874595,5.49604565021524,5.86445089598558,6.94,19.1,60.7
"Rhein-Erft-Kreis I",39.1923651785384,31.0536962021305,9.03809488600054,4.53726834369372,5.46891091828058,9.32065088226129,7.32,22,51.3
"Euskirchen – Rhein-Erft-Kreis II",42.8388216212138,26.1826627222123,9.51087688668316,5.8385468026749,5.75987326015616,9.8692187070596,6.08,18.5,58.2
"Köln I",31.6094532403253,30.9697820486845,8.64858606616689,8.60951112912096,9.79406060956902,7.70789313728328,10.22,32.3,37.2
"Köln II",34.8924318582632,26.8760260013519,4.60309312407565,7.98133757540951,14.5945039362875,9.0547319309409,5.51,32.3,39.5
"Köln III",27.5708268498149,32.2932875462789,7.54480334817836,9.6789987658958,13.1599774641842,7.10817191608091,10.43,32.3,38.3
"Bonn",32.0384931346086,34.8589758635528,6.08133407100664,5.69629095623697,8.41394649633119,10.4637841523184,7.4,31,39
"Rhein-Sieg-Kreis I",44.2989111773241,27.6846734085799,12.0879869712815,8.13238665943,6.51410595806427,10.3942136219138,5.62,22.1,43.9
"Rhein-Sieg-Kreis II",46.5251188562042,22.6989323184768,8.43965806429224,5.51943920693125,7.8907795347546,8.38124211963123,4.89,22.1,48.7
"Oberbergischer Kreis",43.7189179401284,26.7126255408036,10.1195749881977,5.17296014382627,6.13589771779268,7.83930777140418,5.29,26.9,30.6
"Rheinisch-Bergischer Kreis",40.0433251471202,24.4561188082109,7.24132338631203,4.88160882257541,6.8804735647097,15.677563597609,6.13,19.1,39.8
"Leverkusen – Köln IV",30.7948874962542,38.6721040219926,8.72864904303415,6.13917371307962,5.67925683686631,6.60299923130041,9.79,32.2,38.8
"Wuppertal I",29.597221565302,31.5249633438516,11.0427914079339,8.86504456171409,7.42447482043555,8.72179841483273,10.01,31.8,22.5
"Solingen – Remscheid – Wuppertal II",38.2484035088804,30.8251061751597,9.46025308943441,6.24625218686828,5.81289680454498,7.75712316318519,8.1,29.7,24.3
"Mettmann I",44.6307158625039,25.7458215074109,8.89687795648061,5.45380006307159,6.94607379375591,8.32671081677704,5.94,24.4,34.8
"Mettmann II",39.2700729927007,30.2197846513691,8.98737750534339,5.50469814896963,6.1031576400371,8.70669839093439,7,24.4,31.2
"Düsseldorf I",40.4190516200179,24.4493456329827,6.36687730107885,7.35820103041654,8.40670529270015,12.8037715812751,7.01,32.9,31.8
"Düsseldorf II",33.8085568435006,27.3056096116423,8.12956538906281,13.0432636714894,8.30442507826381,9.20058098541896,9.72,32.9,34
"Neuss I",44.0060142016021,28.6268415333687,8.64225608369343,5.39193389432189,5.13670937255199,7.24357516488515,6.57,23,48.8
"Mönchengladbach",44.2844767446318,24.352399132188,9.13042478323866,6.83900247617733,5.99035594090906,7.83867283027836,10.43,25.8,51.9
"Krefeld I – Neuss II",42.442443093822,25.473404739904,7.28620326144956,5.08609133620521,6.5983835912386,11.5009695849656,7.18,25.2,45.4
"Viersen",47.8839339829363,25.0203972213157,7.01431302158609,5.09755699566413,6.6885402582871,8.29525852021073,6.57,16.8,55.5
"Kleve",45.0336665133202,30.5878346487271,6.58154943630248,4.23893366472096,4.91644610669327,7.58168685064256,6.32,18.3,62.9
"Wesel I",38.9772934955917,32.8232825173151,8.57969333929933,5.96305702779861,5.52190928742036,7.96838861334661,7.1,19,43.1
"Krefeld II – Wesel II",36.8222868745644,32.0604903476074,8.55305027729793,5.62778434403128,6.0823711246477,8.18786556353608,8.28,23.2,36.2
"Duisburg I",28.6713816620359,38.2714490191126,11.4911172855098,6.85863433526985,5.59821503746737,6.97987707333502,11.57,31.2,30.8
"Duisburg II",26.4701196805863,34.8318298584145,16.4784833821216,8.86851066371946,4.63388892207818,6.96278152816775,14.67,31.2,31.1
"Oberhausen – Wesel III",29.0823043322689,38.4732752276855,12.2852262677136,7.64982683076674,5.63660790839921,6.31713261455162,10.22,22.4,38.8
"Mülheim – Essen I",31.3467645891227,34.8933817274429,11.4990358985992,6.52895139794703,6.16032439176544,9.02639936482731,10.19,23.9,35.4
"Essen II",26.584769295842,37.3328797101716,15.7722934328852,7.86637732864998,5.37543446677823,6.62688268937234,15.26,24.5,36.2
"Essen III",37.0752905906485,30.7874875085468,8.09051701467417,6.47320254562668,8.22529322042813,8.30944616841109,8.76,24.5,38.3
"Recklinghausen I",30.9164832827494,38.6578751462299,11.4145240062501,6.57973314572272,4.9730446093309,7.19164914634446,10.56,20.1,40.3
"Recklinghausen II",34.5178112376056,41.1391847227323,12.0879869712815,8.4480352552332,4.67278736687477,10.2100624311421,9.97,20.1,42.4
"Gelsenkirchen",25.3502295121058,38.3289474804766,16.8927722848164,6.48339763078783,4.63622969946263,6.70567095032489,14.93,29.4,33.7
"Steinfurt I – Borken I",51.2414229847687,25.8410534631229,6.05140659785468,4.93174295395342,5.30257032989273,6.63180367040758,4.81,15.6,65.2
"Bottrop – Recklinghausen III",33.5690932141189,36.7698672182558,11.8656168679522,6.33815973843998,4.35310602522186,6.47427770734637,8.99,21.5,46.9
"Borken II",52.3169666932025,25.302380524383,12.0879869712815,4.47343416964125,6.73839911661231,9.12726945892504,3.71,14.7,73
"Coesfeld – Steinfurt II",51.6106256598934,23.4808687597567,12.0879869712815,6.20413133740551,8.21344595513697,10.4909282878074,2.96,11.9,67.1
"Steinfurt III",44.7665919178689,30.2937693900366,6.30403577358391,5.63592705046536,6.52034424136585,5.64452646967382,3.89,16.2,51.2
"Münster",37.1887114444632,28.8523933928872,4.513947412776,6.85993595145795,12.7717849317377,6.96264537333558,5.58,20.4,51.3
"Warendorf",46.4241509060303,27.9080849589068,6.85587681948708,4.78884047925537,5.55005446083771,6.98769680166353,5.64,21.1,59.1
"Gütersloh I",46.5539751254037,28.0274399322018,8.01552944410087,4.34217458026982,5.72218786504501,6.52843629034105,4.79,26.8,39.4
"Bielefeld – Gütersloh II",30.686022568605,33.1879105296614,8.14295260810275,8.95789982668789,9.63158952738494,7.32963528395478,8.92,32.7,16.1
"Herford – Minden-Lübbecke II",35.7388563710041,36.7624193306318,9.9852919105508,5.61488818850368,5.06618640252139,5.64610535794687,5.86,25.7,10.7
"Minden-Lübbecke I",35.4835904947264,37.36230662734,9.8938582234796,5.25759612619301,4.9298741949076,7.0727743333534,5.13,23.9,8.2
"Lippe I",36.554915656403,32.140920983367,10.2178712571792,5.39767593516503,6.0270119503131,8.39900374773133,6.49,26.2,10.5
"Höxter – Lippe II",44.2897165458141,26.7417980832615,9.15204604228994,5.52837077227321,5.94987576694894,6.84866386085898,6.06,21.6,40.8
"Paderborn – Gütersloh III",53.3443248310865,19.9264000689663,9.10085237987478,5.147684781086,5.98874987877025,5.51083524606946,5.45,28.1,57.8
"Hagen – Ennepe-Ruhr-Kreis I",30.308629071955,39.2485553030661,11.2757162797284,5.42477798531365,3.87859825624911,7.9075663683994,8.97,28.2,25.9
"Ennepe-Ruhr-Kreis II",32.9478478299696,36.7119128415789,12.0879869712815,8.06319580877538,8.58635470619754,10.5256891111508,6.78,19.6,25.2
"Bochum I",28.2361744537837,37.1956057566394,9.53032169835055,9.9741325368821,7.7002470633011,7.04678720947485,9.3,23.5,32.9
"Herne – Bochum II",24.1819207872,41.8303354979215,13.3698425440932,8.00394235889773,5.56460779092781,6.72506020840454,11.84,26.1,32.1
"Dortmund I",28.6217206165953,38.8219458214152,9.47672236387404,7.68414376868618,7.30038957845282,5.86503242172838,11.39,28.9,29.4
"Dortmund II",28.1438307409313,38.7894762807547,10.6237974754914,8.62787108232492,6.37611090359365,6.36483448329328,12.62,28.9,27.6
"Unna I",31.7649027680155,38.8392408876393,9.07587776550524,5.38742176255983,6.42634802691033,6.44977742075844,7.79,23.2,29.1
"Hamm – Unna II",35.207596131163,36.3971455531965,10.447039396084,5.86282142014626,4.379570653456,5.87284736966266,9.48,26.5,39.1
"Soest",42.6664888775516,29.2528798937903,8.8765080671811,5.65601284719605,5.48382795424636,7.93094052374354,5.73,20.4,54.6
"Hochsauerlandkreis",47.9549445653029,26.8963122166016,7.28317563494352,4.22771472754436,4.24344088276151,8.44822163394753,4.45,17.4,68
"Siegen-Wittgenstein",40.127444025439,30.2175509340502,9.78792517641788,5.94531356955283,4.28443415599447,7.30625147792754,5.11,20.2,21.1
"Olpe – Märkischer Kreis I",47.8628283364288,26.3319182807111,8.82594852746086,4.77381268240913,3.42995489519766,8.77553727779252,5.18,23.1,44.4
"Märkischer Kreis II",37.8029727218985,38.6284942150156,12.0879869712815,7.82098921825296,3.77009261605157,10.7120738676351,6.6,28,36.6
"Nordsachsen",32.8131709579347,13.9636544770608,26.8288703000739,17.1936996513166,2.63745512633333,6.56314948728079,8.9,2.7,2.9
"Leipzig I",27.4851824730718,16.4804696545811,20.4672762662961,19.4846567403318,5.46636875144733,5.67853946437848,9.28,8.1,3.5
"Leipzig II",24.6358866857482,13.6983776872974,14.956145150051,25.3096906836519,9.94695953144707,5.78953127429582,8.41,8.1,4.5
"Leipzig-Land",34.0565764813906,11.4593160006541,28.656151340201,15.5975246217124,3.91117316327686,6.31925839276505,7.04,2.8,2.7
"Meißen",36.6548962191026,8.93251094784124,30.9852063361666,12.6703457596576,3.34563378228868,5.29471389862398,7.22,3.3,3
"Bautzen I",30.5758905247786,9.96745705527265,33.2145757142767,15.2467158063034,2.04321854129555,5.82059206757854,7.66,3.2,9.6
"Görlitz",31.4070727912986,10.9352930072707,32.4361619725186,13.5721306246786,3.25064602847082,4.98662379337503,10.83,4.5,5.2
"Sächsische Schweiz-Osterzgebirge",28.8204868285963,7.21145723679936,37.3978192782045,14.6951797990825,2.97152585545895,6.4537928704173,6.75,2.9,3
"Dresden I",24.5480568520949,13.2125198633512,22.3515993112193,21.0404797103134,6.51019605888965,7.52454196634719,6.92,7.3,4.3
"Dresden II – Bautzen II",25.5501765330214,11.1491974787186,22.3086836918145,17.5422921134143,8.57322329802673,6.95410141443022,7.46,6.6,4.1
"Mittelsachsen",32.4396133640956,11.9629776614851,31.496566151197,13.9795650682398,3.11030692756294,5.81904524877747,6.95,2.6,2.2
"Chemnitz",26.5527214272466,15.3970336683452,24.0123104824583,19.3924447161788,4.22966743836172,6.55093530813989,8.49,6.5,2.1
"Chemnitzer Umland – Erzgebirgskreis II",35.1296967036183,10.3471993560897,26.6249588409615,16.9575238722423,3.37248015219698,7.56814107489116,5.74,2.5,2
"Erzgebirgskreis I",34.6805505451032,8.99680214250338,30.242682531627,15.1638366952619,2.65000275150263,7.22666878634276,6.94,1.8,1.7
"Zwickau",33.7227305696591,12.7064386542432,12.0879869712815,25.7218378619651,4.54095296546337,13.3766668526474,6.66,3.1,3
"Vogtlandkreis",34.9856762111084,11.0663740147941,25.9574134515343,15.544517765774,3.76979319584396,5.58128928352551,6.78,3.5,2.4
"Waldeck",33.6104040159843,35.0836900410984,10.9771185597065,6.11499025867831,5.73244784482146,7.0606806126367,4.55,15.9,14.8
"Kassel",26.87755645376,35.5495316697727,9.98378391461142,8.75668610983372,9.36055376721446,5.9049543771329,7.08,24.7,14.3
"Werra-Meißner – Hersfeld-Rotenburg",29.9481051917669,41.1729293514292,12.5035244271377,5.54840086262736,3.99003253903541,5.0271666653966,4.94,14,10.9
"Schwalm-Eder",30.4120541205412,37.6628368556413,12.0184781393268,5.48962875992396,5.59166387118417,6.49809907189981,4.3,14.7,11.8
"Marburg",33.3840801895182,35.7224668663342,10.2271514651376,8.1960915435344,6.39481528381484,4.29972895487561,3.43,18.9,18.3
"Lahn-Dill",38.2960870049756,29.7430888339681,11.7160407229437,4.66491415535292,5.84032043423822,6.28675193224206,5.18,22.2,14.6
"Gießen",35.0950936315898,28.1534412807486,11.5245440257319,6.30261827308503,8.29586851371273,7.70069568819523,6.25,22.2,15.9
"Fulda",45.165240215255,20.1823513528788,8,4.81497993758359,5.5691258563418,5.29660351767314,3.14,16,53.5
"Main-Kinzig – Wetterau II – Schotten",36.415627622146,28.3088722380062,14.8466826632907,5.89348014897469,5.40695705936907,6.12827722247575,4.39,22.5,27.2
"Hochtaunus",39.9136275726298,23.0148552256705,10.4499545955538,5.93099910577503,8.93115854123486,10.3653844820774,3.81,22.9,26.9
"Wetterau I",36.437799899212,29.0481372470257,10.9457278284558,4.90720926665742,8.30259784839433,8.06815609000811,4.4,19.1,22
"Rheingau-Taunus – Limburg",41.7642321026276,25.3504768352613,10.1781274439996,5.48273004237239,7.00895306353523,7.61827498861899,4.48,17.8,39.7
"Wiesbaden",34.2908294917515,28.5531008089067,10.450552317996,7.65199617291467,8.93204024238207,7.02574584674263,7.45,33.8,22.9
"Hanau",35.3296632565747,30.4295807177095,12.8041254287856,5.84284297170204,6.09878917756457,6.37366631581339,5.15,24.6,24.3
"Main-Taunus",41.9426466320982,21.7812850888813,9.66339906387596,4.97457830261282,9.12027049190669,10.8650946847836,3.6,25.7,30.6
"Frankfurt am Main I",30.5735203538832,27.0423875916905,9.01436250629935,9.69959124251078,10.9160647292682,9.2117419788342,7.12,44.2,22.9
"Frankfurt am Main II",32.3761337187146,25.9370218154743,7.64039937385309,9.10082255066924,13.4967490780749,8.1358058710067,5.9,44.2,23.5
"Groß-Gerau",35.1246016644123,32.3574589055228,11.313876980215,6.67064047013152,6.78374103028497,5.62293190276409,5.81,32.1,21.7
"Offenbach",36.379560955611,24.9133465021803,11.210912750177,7.72427416048601,8.84921670207347,7.71495658007529,6.74,36.8,25.6
"Darmstadt",30.6822369875852,29.7382248570556,9.0894731854223,8.50242715890783,14.1886128865817,6.18635947223772,5.01,26.9,20.6
"Odenwald",36.1054130897452,29.0171967201395,11.7401848908638,6.12526603496538,7.79984271627887,7.22570213982853,4.47,25.1,29.6
"Bergstraße",38.8841910808139,26.9344850913254,12.4577197273248,5.53676432325545,7.64102097101525,7.61825467034397,3.68,18.2,37.8
"Eichsfeld – Nordhausen – Kyffhäuserkreis",38.0060868172353,14.3008169149447,21.4012493993272,15.279833413423,2.55774467403492,4.89059746916547,7.87,2.8,28.8
"Eisenach – Wartburgkreis – Unstrut-Hainich-Kreis",34.4315398102438,15.2165533020804,21.1709919297678,15.4814160832639,3.14913142416593,5.02244494460264,6.81,3,11
"Jena – Sömmerda – Weimarer Land I",29.2242191178779,14.1703290953801,19.2611050070633,21.3748495788207,4.9344686862345,5.84745984408518,6.46,4.1,4.2
"Gotha – Ilm-Kreis",29.0006868131868,18.6284340659341,23.9010989010989,15.5714285714286,3.30288461538461,6.02678571428571,6.66,4,3.6
"Erfurt – Weimar – Weimarer Land II",27.3046696077722,18.2360598828379,17.453171331453,18.6513102384224,7.06468021503821,6.01178852968829,7.67,6.6,5.3
"Gera – Greiz – Altenburger Land",30.4270667018918,11.8465638245328,27.3136608506875,18.7074282957535,2.09742818088882,5.57782653143271,8.77,3.1,2.8
"Saalfeld-Rudolstadt – Saale-Holzland-Kreis – Saale-Orla-Kreis",30.8905593971998,11.6639010765133,26.5106913188027,17.0824893854485,3.38071251837986,6.09532133008155,6.28,2.4,3
"Suhl – Schmalkalden-Meiningen – Hildburghausen – Sonneberg",33.5502828091381,13.4460993795483,22.848236689494,18.2475965693374,2.62902235652428,4.85931064900078,4.75,2.5,2.7
"Neuwied",43.1760798087821,28.614792454524,9.51264125324027,5.34153266077901,5.30169559996858,6.11583046244656,5.21,20.6,43.5
"Ahrweiler",42.78742989311,27.3695961709438,8.76177361240165,4.53898243901787,5.75829082911634,8.67687659181914,4.08,16.1,64.6
"Koblenz",41.336429343194,28.7096752545148,8.15655430208914,5.16143320202135,6.22244293968821,6.52913582401063,5.06,19.7,53.5
"Mosel/Rhein-Hunsrück",44.1116907950704,25.2019483403724,8.17580233529824,5.28039388395781,4.86708674932809,8.69525938975089,3.95,15.6,58.7
"Kreuznach",36.9885980128173,31.4792100621993,10.8242671447131,5.52317775052075,4.89900786018594,6.7795010995551,6.33,17.7,28.8
"Bitburg",51.2284735733466,25.7408628258108,7.11035358813976,5.45657731826148,NA,6.99699313405477,3.52,13.7,77
"Trier",37.907297539809,33.6712692014089,6.9734427941984,6.59041904940471,6.45850352890758,5.29670947782882,4.15,15.3,72.3
"Montabaur",43.3158786870577,29.812157759756,12.0879869712815,6.98563930004978,5.18283269374972,9.16337422887641,3.69,17.5,41.3
"Mainz",35.6806972704219,28.0250993390707,7.26523032687047,6.45254687406402,10.8284578982049,6.9357640622192,5.36,24,38.8
"Worms",41.0858277702008,26.6599669801163,11.3063192400641,5.1073146220659,6.74754145431053,6.01536142416194,4.85,20.3,28
"Ludwigshafen/Frankenthal",32.1553949244189,31.8765582511163,14.5133232432976,5.64079053964944,5.46117952936891,7.47709331608398,6.47,30.6,29.5
"Neustadt – Speyer",40.0033385522196,25.3436406336342,11.8622214035734,4.72577822803463,7.57390863879167,6.75653895745073,4.34,18,34.6
"Kaiserslautern",31.3042451437681,33.9363523646455,12.625022140875,7.24862726574954,5.08354490169452,5.46554879848852,6.31,19.6,25.2
"Pirmasens",36.8345029947365,28.7419081614133,12.8501421743602,6.07795389920745,4.18960614677234,6.70185734164196,6.4,13.7,41.7
"Südpfalz",40.3431784892852,26.0136824334261,12.3112488896994,4.71532185483444,7.94122318366579,6.00003529432526,4.02,17.9,44.1
"Altötting",NA,12.3286361789751,13.1013167432709,4.82646550419398,6.07390649768594,5.63180576244454,3.39,19.8,69.9
"Erding – Ebersberg",NA,14.8730276134122,10.2866124260355,3.95586785009862,10.2311390532544,7.32864891518738,1.87,14.7,58.4
"Freising",NA,13.4551620602879,12.5403665662228,5.00329412781216,9.41688537515256,7.2411409562691,1.88,16.9,61
"Fürstenfeldbruck",NA,18.7305193089968,10.2218817687147,4.06624755665909,9.10824660573723,7.21749696233293,2.46,19.3,51.8
"Ingolstadt",NA,13.5901047289706,12.9982298557031,4.83200070148133,6.31059182007004,5.10382471735235,2.12,24.6,62.2
"München-Nord",NA,26.0472955362883,7.42388175536752,6.03096276475596,13.1386142627955,9.65428966923242,5.76,34.3,35.5
"München-Ost",NA,21.2312532322013,7.37426736769523,6.27370280986037,15.3335631787623,8.90525340458542,4.62,34.3,36.2
"München-Süd",NA,23.5450407099292,7.63658048403191,7.44587262131795,13.7711151391341,9.0394346072776,4.93,34.3,36.9
"München-West/Mitte",NA,23.0562597935354,6.66611137429656,7.06904540035712,16.3406926925259,9.04883622866246,4.21,34.3,38
"München-Land",NA,16.2859590263402,8.38338619051018,3.93114630390667,13.7095540621845,9.34246351835045,2.7,22.7,42.7
"Rosenheim",NA,11.8327070210062,12.9730460407148,3.8032928708535,9.35791721863257,7.43356132904377,2.96,16.9,61.3
"Bad Tölz-Wolfratshausen – Miesbach",NA,11.2688181873591,9.90811848601207,5.27366368013653,13.5673797769245,8.15353202901201,2.66,17,57.6
"Starnberg – Landsberg am Lech",NA,16.6840286672245,8.87852861314617,3.98073671806957,11.8761776274969,9.61570207945535,2.75,15.5,49.4
"Traunstein",NA,16.114282843128,10.2223980806311,4.48627362312287,8.14601272461201,5.67394594866191,3.5,19.4,67.5
"Weilheim",NA,14.8243359040274,10.0595318630767,4.6821208977886,9.06958913994498,7.04385213247343,3.31,13.6,60.9
"Deggendorf",NA,17.4099601324414,7,4.18524900331103,4.51212919791878,3.97577539022907,3.21,10.9,81.2
"Landshut",NA,13.5795303013664,12.5911864832217,3.5904596060221,6.5434635960027,8.52328883171485,2.99,17,69.7
"Passau",NA,18.9065236763667,14.0798328365547,4.79826690839812,5.56801769965891,6.0688934640322,4,12.7,78.2
"Rottal-Inn",NA,14.450214128412,14.9792372640321,3.94288825503628,4.92535979261643,7.01057233639695,3,14,77.5
"Straubing",NA,16.8085405472948,15.0435774084718,3.72126077720855,3.59318380607272,4.42724603273772,3.77,10.7,79.4
"Amberg",NA,15.2401606234286,11.1941899121814,4.44514614587181,6.91765070362118,4.99982126473077,2.65,12.6,68
"Regensburg",NA,16.6900285421174,11.8195853774974,5.97251424566536,9.31783323683863,6.22340047333191,2.77,18.8,67.1
"Schwandorf",NA,24.1773369288503,12.0879869712815,4.98406532274793,3.87963818539541,4.64651417149107,2.94,8.7,82.7
"Weiden",NA,22.320864375707,12.0879869712815,4.42875531458439,3.55033740297227,4.11046534305886,4.18,9.9,76.3
"Bamberg",NA,20.449026600247,11.5191419096119,5.20626639099727,9.15536930911513,6.4967322075291,3.15,12.5,63.1
"Bayreuth",NA,21.2273498311641,9.38822746080312,4.33979612866406,7.08318140744146,6.63295232961841,4.09,13.7,34.4
"Coburg",NA,26.4331262531637,10.4797357262597,5.18439996055616,5.85905400519344,4.83433586431318,3.7,11.7,31.5
"Hof",NA,23.5512860241711,11.8368255027691,4.41229052942719,4.71581924944181,3.74881806552089,4.49,13.4,20.1
"Kulmbach",NA,16.0787892842982,11.5932162815228,3.78311252085313,4.39879407210132,4.02549505135667,3.39,9,53.2
"Ansbach",NA,18.3548295887074,10.5471213867803,6.07803901950975,7.58313939578485,4.16566979141745,2.98,14.4,26
"Erlangen",NA,21.0365729352125,7.93025183816034,5.86648364343087,10.9949849821281,5.92084698079615,2.93,20.4,36.6
"Fürth",NA,22.867613097081,10.6425203404713,6.75004187370889,9.68830733779648,5.38825810446602,3.91,20.5,23.4
"Nürnberg-Nord",NA,25.5777205826542,9.24490936566315,10.0129034038765,12.7398687578921,7.16173416227928,7.12,36.4,25.6
"Nürnberg-Süd",NA,26.4939735986225,13.2159938779415,8.24335182705185,7.77731012052803,5.84044384924431,6.2,34.6,29.4
"Roth",NA,20.5868299887065,10.2749543914517,4.82473286421684,7.85390061680132,4.66075927373816,2.63,12.3,33.4
"Aschaffenburg",NA,16.5612988595073,10.4912730251412,4.78180812557322,9.19955472474848,7.9645460082754,3.7,19.7,61.8
"Bad Kissingen",NA,19.1181158137064,10.4893453751254,5.35446549790449,7.07632371170533,5.61182928988844,3.21,10.9,66.5
"Main-Spessart",NA,22.6216297974499,9.06036596747099,4.84330851070677,7.11210086954283,4.95079456004737,2.54,15,66.9
"Schweinfurt",NA,17.0778505218124,11.1473390808323,7.83755752900758,7.43242367278149,6.16322032799637,3.39,16.5,55.2
"Würzburg",NA,18.715695522421,7.6549665988162,5.58800977487988,13.9876765904866,8.04221071154727,2.92,16.3,58.5
"Augsburg-Stadt",NA,19.3118046991948,13.3009766359146,8.47384976556781,13.8892002927929,6.06094577395594,5.61,34.9,46.3
"Augsburg-Land",NA,14.0990803735285,12.3211696594239,3.66633883216563,7.4949050462855,6.07085280906851,2.5,15.3,64.8
"Donau-Ries",NA,18.1363177013629,12.8349220222325,4.23142053369022,6.44306667030836,4.99959030945293,2.09,13.7,65.2
"Neu-Ulm",NA,14.6496568089329,13.6461417340297,4.35503365379284,9.15416431034674,5.97729062018341,2.51,20.4,59.4
"Oberallgäu",NA,12.2440010045891,9.60410055024087,4.71700267129386,9.22509646338957,6.99901824242563,3.31,17.5,58
"Ostallgäu",NA,11.380392652511,12.6485085945399,5.34683602965959,8.70829120323559,5.59645685877991,3.18,16.1,62.6
"Stuttgart I",32.0127259290805,12.8455478036499,6.66733469443992,6.5189072735699,29.7042724551273,8.3914726254744,4.33,38.6,24.5
"Stuttgart II",33.4743053133357,18.4847692128822,10.4123067085223,8.94300081385885,15.8331880013952,8.66469015230787,6.35,38.6,25
"Böblingen",38.767957422058,19.5888387319268,11.2338441107891,5.00877603858369,11.9446774998842,12.7991187930759,3.21,30.8,23.6
"Esslingen",40.0120794559771,19.1601049868766,10.7298377475543,5.85480792173706,15.2864769744691,8.69198878549272,3.55,26.9,25
"Nürtingen",39.4296573373585,19.0370806923012,11.9270413624719,4.79775807945347,14.7577066018787,9.85591090049673,2.96,27.1,21.3
"Göppingen",37.5698561167012,21.946447950272,14.4584628332238,4.42502048620595,12.1226662335649,9.22137652539182,3.5,26.9,34.3
"Waiblingen",36.8228018162545,19.2157907566026,12.3934991241844,4.88982863491812,12.2115335559247,13.360014058399,3.2,24.8,23
"Ludwigsburg",38.280020975354,17.8469144908579,11.6159666238324,5.4668456870869,14.2344283927923,10.1943677717144,3.24,29,22.9
"Neckar-Zaber",39.9661529754908,19.699294762962,12.5843454790823,4.58893822645945,12.5288407122023,8.7833572765661,3.13,27.8,20.6
"Heilbronn",35.2737500341334,23.1856038884793,15.6052538161164,4.6137462111903,8.14833019305863,9.59340269244423,4.3,31.8,27
"Schwäbisch Hall – Hohenlohe",40.4599965786353,18.5113524418515,13.4860756357544,4.30148121493839,12.6189366634616,8.37998383700147,3.12,24.2,23.7
"Backnang – Schwäbisch Gmünd",41.2431097031701,20.008012404389,13.1952430058387,5.62277896892226,11.2885875169707,8.07323931122998,3.98,23.2,34.6
"Aalen – Heidenheim",46.3949207258493,20.9878090259752,11.0064863381131,5.17832954416617,9.61672723366929,6.09727717011869,3.88,23.2,46.7
"Karlsruhe-Stadt",28.578379389932,23.6292183893706,9.99376208595846,7.5541139043104,17.6115027134926,8.63389682490175,5.28,30.5,31.8
"Karlsruhe-Land",40.4537417208619,19.7092936134504,11.695387658465,4.57158270147151,11.4352503970989,9.0736356280157,2.92,20.7,36.3
"Rastatt",44.07001820835,19.03741105673,12.1724756899157,4.59857690767979,10.9450262794271,7.19423531386805,3.75,24.3,54
"Heidelberg",32.6748062714003,26.0277752748243,8.90081546224545,6.05458190664985,16.7051495765003,6.62788340241485,4.47,25.7,28.6
"Mannheim",29.3250380512166,27.9124085543343,12.5067510222977,7.35984176305139,13.1436266842485,6.89831732961121,5.61,36.4,29.8
"Odenwald – Tauber",46.8510213322912,19.1357909820049,13.5530453877217,5.22358896105104,6.87918318228905,7.08326354901341,3.39,18.1,50.9
"Rhein-Neckar",37.4277868449004,23.889277479858,13.0670189891454,5.18768943809746,9.57941504106111,8.14162845522137,4.26,21.1,35.2
"Bruchsal – Schwetzingen",41.4598607218572,19.4825311603668,14.4135156244872,4.60497384432615,8.29696042846735,6.73090176362097,3.81,20.9,46.9
"Pforzheim",36.4364858921137,19.0460984147833,15.7690198890168,4.65683764031066,9.64987859324822,11.9056943682933,4.41,31.1,23.3
"Calw",43.2878319502758,16.8741802171148,14.1230053322963,4.50312094228069,8.75577555580456,9.32855250235636,3.4,23,24.2
"Freiburg",28.0167487190352,22.6609499489844,7.2386357934176,7.34401222143546,25.7085031529296,5.32178838852122,5.21,25.3,40.6
"Lörrach – Müllheim",39.410520795928,21.0769309690327,9.60482891879414,5.0472233146948,14.9587045365161,8.70368153759341,3.17,22.1,34
"Emmendingen – Lahr",37.5561286134204,23.7276011517261,10.8362036319045,5.22424395433971,11.1427695525941,8.58144134071496,3.3,18.1,47.8
"Offenburg",48.1298219343078,17.273348741821,10.3512484130343,5.37973241316449,12.6189003548293,6.24694814284319,2.97,21.2,54.1
"Rottweil – Tuttlingen",43.0279760833483,15.900440604982,13.0268429086595,3.88278974276935,9.53133228014745,10.8351497457023,2.76,26.4,48.7
"Schwarzwald-Baar",47.0164459321787,16.7143711897023,11.3746988146639,4.32251491777034,9.77134170992416,8.43965782111612,3.32,26,46.9
"Konstanz",44.7561045530123,16.7997044077644,9.55387232199168,7.00375223764596,13.402941907207,7.29998152548527,3.8,23.8,47.8
"Waldshut",41.8545586482144,24.0805325395591,9.17209054357243,5.01069966160932,11.8688495457272,6.22135341463595,2.96,21,56.6
"Reutlingen",40.7521036180305,15.0170407501781,12.0042617921349,6.23222916118432,14.3187230027663,9.9689993132353,3.46,26,22.5
"Tübingen",35.6868298604087,17.2737962775642,8.65049059275743,8.76365567469148,19.0882308314789,7.90638276350395,3.14,22.4,34.4
"Ulm",42.6626841169228,20.2083998358338,10.6770714578868,4.61888367002599,11.9647498745953,8.07834374572484,3.29,25.3,40.6
"Biberach",44.4525592336906,16.9467550239087,11.2547855901844,3.77235197343133,13.5218868678793,7.51472193606913,2.4,19,65.5
"Bodensee",41.3613567909508,18.0063479906621,10.3674028470223,5.29121959481851,13.8521698787107,8.83637354463845,3.04,22.4,51
"Ravensburg",38.5426892499136,12.4147943311441,9.44970618734877,5.43380573798825,20.1963359834082,10.14379536813,2.7,20.1,60.9
"Zollernalb – Sigmaringen",44.9690210656753,14.3705809461331,13.5629419053867,4.70150885633064,12.747284787521,9.25431882790291,3.32,22.3,49.8
"Saarbrücken",31.4278241957907,32.1332709328415,8.91271731200705,13.2568927308015,6.04412999490702,5.28018279673499,10.59,20,49.9
"Saarlouis",38.0306301401085,32.0730109085844,8.99847419103635,10.8490715357489,3.50239634312341,3.8423795022444,5.2,16.1,76.5
"St. Wendel",41.7864195217573,30.3593306331887,8.39230891191859,9.78826446042751,3.37061646896035,4.69450410066447,4.69,13.1,68.8
"Homburg",33.5621886381714,31.4096928594354,11.0018001423368,10.9717977700562,4.97411423228813,5.14156933338915,6.81,15.5,53.5
