code,country,pop_density,pmdeaths_total,pmdeaths_female,pmdeaths_male,mean_income,edu_level3,edu_level4
416,3,2,20484.330395000005,16368.246180000002,24600.414610000007,36950,0.09638724476099014,0.33159375190734863
417,3,1,15327.68606,13122.83855,17532.53357,37008,0.10156432539224625,0.26956379413604736
267,1,2,14930,11442,18418,28537,0.11180529743432999,0.21989363431930542
92,1,1,16548,13522,19574,31561,0.11522674560546875,0.2277337610721588
98,1,1,15267.5,12273,18262,31396,0.11985204368829727,0.23151297867298126
423,3,1,17216.895055,14495.01212,19938.777990000002,28226,0.10897409170866013,0.2363351434469223
418,3,1,17809.613655,14275.736149999997,21343.491160000005,29251,0.08810405433177948,0.28857603669166565
268,1,2,15746.5,13e3,18493,31512,0.11580165475606918,0.22773532569408417
219,1,2,18e3,14679,21321,26339,0.12022999674081802,0.15093383193016052
160,1,1,14094.5,12258,15931,32334,0.1202106848359108,0.24629861116409302
83,1,1,12908.5,10094,15723,37758,0.12191936373710632,0.3196359872817993
244,1,1,11957,9967,13947,35144,0.11608025431632996,0.2581278383731842
321,1,3,18778,14461,23095,29704,0.0927165299654007,0.2086648792028427
322,1,3,12326,9960,14692,42003,0.10186707973480225,0.4033818542957306
299,1,2,16984.5,13707,20262,28631,0.11331935226917267,0.17375421524047852
93,1,2,19522.5,15330,23715,29663,0.13717515766620636,0.18989013135433197
125,1,2,15343,12533,18153,37314,0.107479989528656,0.18634606897830963
143,1,1,13629.5,11729,15530,40122,0.12618423998355865,0.3045458197593689
220,1,1,16079,13331,18827,28152,0.11275916546583176,0.20237967371940613
48,1,1,12740.5,10157,15324,34102,0.16453950107097626,0.3339957296848297
80,1,1,14873,12054,17692,33106,0.11823216080665588,0.28137537837028503
323,1,2,14214,11339,17089,38252,0.1156746968626976,0.21767489612102509
307,1,3,19695,15170,24220,29249,0.13027259707450867,0.2297724485397339
184,1,2,13848,11045,16651,33394,0.1228548213839531,0.24874891340732574
34,1,2,19747,15249,24245,24723,0.11423949152231216,0.19815774261951447
35,1,3,24034,18751,29317,22338,0.11607640236616135,0.15508273243904114
445,4,2,20502.5,16512,24493,23242,0.0984630435705185,0.1515849381685257
99,1,1,17811,14829,20793,26090,0.11358374357223511,0.15842874348163605
284,1,2,17747,14325,21169,26519,0.12019480019807816,0.221601203083992
191,1,1,16282.5,13797,18768,24363,0.09298920631408691,0.15129047632217407
54,1,3,16801.5,12721,20882,30248,0.15726949274539948,0.26381874084472656
62,1,2,12337,9700,14974,39148,0.12690682709217072,0.3030542731285095
314,1,2,18764,15e3,22528,27031,0.11271840333938599,0.2184264212846756
126,1,1,14060,11332,16788,36375,0.11984961479902267,0.22195126116275787
198,1,1,14311,11989,16633,26680,0.11084859818220139,0.18646228313446045
324,1,3,14527,10653,18401,36917,0.09725184738636017,0.3325270414352417
127,1,1,13027,11593,14461,55411,0.11423105746507645,0.30676203966140747
440,4,2,19249,14464,24034,28735,0.10824479907751083,0.22564755380153656
69,1,2,16591,12802,20380,34545,0.15980421006679535,0.36862075328826904
49,1,3,17871,14006,21736,30553,0.14587604999542236,0.3278135657310486
199,1,1,12598.5,9868,15329,30565,0.11950953304767609,0.2317836731672287
325,1,2,13102,10510,15694,49475,0.11512584239244461,0.33079588413238525
274,1,1,14406.5,11271,17542,34935,0.11744718253612518,0.3054327070713043
154,1,2,14250.5,12504,15997,37274,0.11223781108856201,0.1923046112060547
221,1,2,13888,11608,16168,33914,0.12146737426519394,0.2823682129383087
172,1,2,21336.5,17399,25274,25692,0.12309232354164124,0.18725594878196716
285,1,2,18392.5,15067,21718,30155,0.12314192205667496,0.2567952275276184
444,4,2,18404.5,15238,21571,26023,0.1123170554637909,0.1866365373134613
315,1,2,18093.5,15121,21066,29017,0.12269852310419083,0.24981515109539032
87,1,3,14905,10871,18939,36309,0.16926240921020508,0.4732612073421478
326,1,3,14011,10746,17276,54262,0.12083971500396729,0.5054983496665955
236,1,2,15781,12548,19014,28037,0.12680476903915405,0.17216899991035461
161,1,1,15178.5,12307,18050,35077,0.17557215690612793,0.2729596495628357
442,4,2,17368.5,13646,21091,30346,0.152012437582016,0.32326793670654297
94,1,1,17322.5,14725,19920,26428,0.12552502751350403,0.2219851315021515
437,4,1,15963.5,12694,19233,28898,0.11164543032646179,0.23902416229248047
128,1,2,14509.5,12552,16467,34186,0.10636843740940094,0.14619506895542145
81,1,1,13362.5,11180,15545,36762,0.12643571197986603,0.27269038558006287
435,4,1,15112,13025,17199,26246,0.19246584177017212,0.2792308032512665
185,1,2,13808.5,11710,15907,30207,0.1702229529619217,0.26774394512176514
129,1,1,12318.5,9366,15271,42569,0.12470529973506927,0.28796449303627014
137,1,2,13726.5,10523,16930,35407,0.13765519857406616,0.36228230595588684
226,1,1,13904.5,11616,16193,32433,0.11646770685911179,0.2806333899497986
74,1,1,14324,11827,16821,36535,0.12436673045158386,0.319501668214798
75,1,1,14889.5,11574,18205,33142,0.12908098101615906,0.2936277389526367
100,1,2,17094.5,14125,20064,28465,0.12082481384277344,0.21022255718708038
269,1,1,13656.5,10631,16682,32603,0.1276678442955017,0.3238721787929535
84,1,1,12585.5,9652,15519,57849,0.11051996052265167,0.4096011221408844
173,1,1,15850.5,12721,18980,28381,0.12626239657402039,0.2783096432685852
114,1,2,12259,10699,13819,35362,0.11308297514915466,0.2514830231666565
419,3,2,18631.211924999996,14053.900479999997,23208.523369999995,34898,0.0755246952176094,0.41437453031539917
396,3,1,21031.971725000003,16623.124020000003,25440.819430000003,28531,0.1015934869647026,0.21924054622650146
130,1,1,14753,11951,17555,36729,0.13838942348957062,0.2716030180454254
431,4,1,17751.5,14812,20691,28809,0.11280722916126251,0.25465652346611023
95,1,1,17672,14865,20479,37653,0.12435808032751083,0.20997048914432526
205,1,2,20515.5,16522,24509,25888,0.11088266223669052,0.14914570748806
77,1,1,15124.5,11877,18372,26927,0.13093557953834534,0.24985304474830627
138,1,1,12673,9650,15696,33815,0.11896497011184692,0.33652985095977783
73,1,1,18420.5,15459,21382,29039,0.1362866759300232,0.21457326412200928
308,1,2,18516.5,14773,22260,28573,0.14239726960659027,0.23047861456871033
212,1,1,13199,9916,16482,30907,0.12250601500272751,0.31764909625053406
270,1,2,14977.5,12045,17910,33311,0.11301138997077942,0.21542537212371826
327,1,3,15239,12909,17569,35415,0.11432169377803802,0.3177318572998047
155,1,2,13749,10938,16560,41874,0.11562038958072662,0.3092867136001587
31,1,2,17834.5,13765,21904,28998,0.1274997889995575,0.2371685951948166
162,1,2,16528,13355,19701,33910,0.11546120047569275,0.22048822045326233
206,1,1,14374,13060,15688,37330,0.1176563948392868,0.28808045387268066
432,4,1,18967.5,15173,22762,24003,0.11411677300930023,0.242442786693573
41,1,2,17363,13810,20916,30813,0.13044488430023193,0.24210403859615326
101,1,1,11681.5,9336,14027,34290,0.11082817614078522,0.3341709077358246
300,1,1,18970.5,14886,23055,28527,0.10667635500431061,0.17032448947429657
163,1,1,15978.5,12614,19343,31242,0.12091002613306046,0.21963843703269958
309,1,2,15965.5,12408,19523,27959,0.11860106140375137,0.19171260297298431
397,3,1,17529.538374999996,14526.998919999998,20532.077829999995,28015,0.0762048214673996,0.21507608890533447
424,3,2,23037.993814999994,18476.408859999996,27599.578769999993,27899,0.09936551004648209,0.24809005856513977
328,1,3,14806,11092,18520,39551,0.09603000432252884,0.37035003304481506
398,3,1,21760.028119999995,17434.060299999997,26085.995939999993,29725,0.09975486248731613,0.17915743589401245
88,1,1,11890.5,9563,14218,43344,0.1141061931848526,0.29020020365715027
106,1,1,13708.5,11417,16e3,29176,0.11346226185560226,0.29082515835762024
115,1,1,11067,8809,13325,33347,0.11562461405992508,0.2768465280532837
426,3,2,14226.770939999995,11775.722949999996,16677.818929999994,36768,0.09764575213193893,0.3480628430843353
144,1,1,12777,10130,15424,40553,0.12748487293720245,0.33869749307632446
282,1,1,12146.5,9891,14402,47215,0.11934918910264969,0.3347315788269043
192,1,1,17036,14177,19895,28241,0.10458507388830185,0.18063907325267792
399,3,1,16550.451835,13377.311390000003,19723.592279999997,32758,0.08613991737365723,0.2698393166065216
207,1,1,14018,9996,18040,32906,0.11814418435096741,0.24241118133068085
400,3,2,15666.562585,13605.757710000005,17727.367459999994,37460,0.09926658123731613,0.3523867130279541
37,1,1,14450.5,11897,17004,32127,0.12097738683223724,0.2586973011493683
237,1,1,15588.5,13961,17216,29713,0.1170973926782608,0.23378095030784607
120,1,2,16013.5,13037,18990,27821,0.12598711252212524,0.2442103773355484
145,1,2,12267.5,10807,13728,34860,0.13326501846313477,0.2791233956813812
96,1,1,13430,10053,16807,28738.998046875,0.12020193040370941,0.27421775460243225
401,3,NA,20000.159785000003,13970.330790000007,26029.98878,26268,0.09319307655096054,0.264148473739624
251,1,2,11997,8823,15171,68903,0.11067423969507217,0.4385223984718323
329,1,2,13990.5,11350,16631,35534,0.10540490597486496,0.287163108587265
131,1,1,14124,11178,17070,44161,0.11071892082691193,0.2533625662326813
252,1,2,12268.5,8993,15544,42734,0.12055457383394241,0.3597753942012787
102,1,2,16019,13456,18582,30031,0.12343933433294296,0.2068016678094864
107,1,2,14927,11009,18845,28550,0.1816970556974411,0.28557729721069336
402,3,2,19311.339945,15903.069690000004,22719.610199999996,29122,0.10457398742437363,0.2024480253458023
146,1,2,13105,11125,15085,37741,0.13459138572216034,0.29753780364990234
89,1,1,16015.5,13638,18393,27731,0.10385821014642715,0.14878571033477783
403,3,1,18829.335699999996,15504.933229999995,22153.738169999997,29976,0.11228685826063156,0.2379247397184372
433,4,1,16732.5,13586,19879,30246,0.12189371883869171,0.22437067329883575
245,1,1,14616.5,11528,17705,26661,0.10276477038860321,0.1915413737297058
139,1,1,13338.5,10521,16156,31666,0.11962264776229858,0.23967209458351135
174,1,1,15471.5,13016,17927,35037,0.12274730950593948,0.2977241575717926
319,1,2,18860,15927,21793,29069,0.1129884198307991,0.21497000753879547
222,1,2,14388,12467,16309,31453,0.12876397371292114,0.25326764583587646
427,3,2,27331.39733,21412.436929999996,33250.35773,29871,0.0898158848285675,0.2591244578361511
140,1,2,16793.5,13940,19647,27775,0.13156841695308685,0.22199095785617828
147,1,2,16685,12622,20748,30217,0.13377609848976135,0.21482786536216736
164,1,2,15669.5,11914,19425,32656,0.11056765913963318,0.1996442824602127
200,1,2,18575.5,15022,22129,27485,0.10555750876665115,0.14214776456356049
330,1,3,17099.5,13756,20443,42176,0.10669652372598648,0.3319893777370453
253,1,2,11677.5,10590,12765,46818,0.14215420186519623,0.39520734548568726
430,4,1,15265,12956,17574,27284,0.14504127204418182,0.26429060101509094
331,1,3,18799.5,13492,24107,37891,0.09278228878974915,0.41810449957847595
32,1,2,19817.5,16790,22845,28620,0.1251549869775772,0.1764746755361557
213,1,1,12396.5,9495,15298,31323,0.12176015228033066,0.32058778405189514
332,1,3,16184,12005,20363,50855,0.10667067766189575,0.4956398904323578
186,1,1,12851.5,10866,14837,37686,0.12081003934144974,0.318422794342041
333,1,3,15742,11953,19531,37464,0.09591040015220642,0.4078114628791809
132,1,2,17047,13478,20616,30162,0.11192572861909866,0.17626534402370453
214,1,1,12538.5,10387,14690,31943,0.11795157939195633,0.3410056233406067
334,1,3,11684.5,8559,14810,37773,0.104032501578331,0.36763736605644226
148,1,1,10947,9086,12808,47103,0.13003398478031158,0.3748985230922699
27,1,2,19461.5,16778,22145,29897,0.1249663233757019,0.17598479986190796
121,1,2,19197,15270,23124,26297,0.12079523503780365,0.21233399212360382
149,1,2,15355.5,12287,18424,31393,0.11954618245363235,0.22282834351062775
335,1,2,14381,11653,17109,37649,0.11302918195724487,0.194447323679924
45,1,1,13872,11185,16559,30650,0.11999710649251938,0.27493056654930115
156,1,2,14660.5,12020,17301,45578,0.11209779232740402,0.3079620599746704
103,1,1,14702.5,11789,17616,31103,0.1314099133014679,0.294076532125473
404,3,NA,17605.910625000004,13495.055030000003,21716.766220000005,29748,0.09247957915067673,0.26370757818222046
336,1,2,15116,12659,17573,36671,0.1248324066400528,0.2803776264190674
187,1,1,12852,10383,15321,29283,0.12411679327487946,0.24056664109230042
271,1,1,12852.5,10829,14876,42983.9453125,0.1266883909702301,0.32610201835632324
337,1,3,14917.5,11846,17989,36015,0.09780460596084595,0.34558647871017456
90,1,1,13242.5,10943,15542,34426,0.1237778589129448,0.2792493402957916
175,1,2,20043.5,15176,24911,24840,0.12549148499965668,0.189290389418602
405,3,1,22281.200965000004,17132.61864,27429.783290000007,30864,0.11491741985082626,0.19743774831295013
246,1,2,16550,13239,19861,29459,0.11424075067043304,0.2062646597623825
429,4,1,17654,14877,20431,27095,0.11896700412034988,0.2608049809932709
72,1,1,14833,11690,17976,29970,0.12222616374492645,0.22634506225585938
338,1,3,17533,13080,21986,52782,0.09754183143377304,0.48053085803985596
339,1,3,12002,9157,14847,119645,0.10024801641702652,0.5267935991287231
208,1,1,14230.5,10824,17637,31229,0.11782004684209824,0.2326725423336029
201,1,1,14910,11637,18183,29049,0.10978563129901886,0.19125238060951233
36,1,3,20975.5,16920,25031,24257,0.1311478614807129,0.15231205523014069
340,1,3,12509.5,10622,14397,46962,0.13469450175762177,0.4143770635128021
316,1,2,16310,13360,19260,30220,0.1256493330001831,0.2386941760778427
294,1,2,20876.5,17463,24290,27056,0.11761996150016785,0.15457454323768616
341,1,3,17481.5,13820,21143,39380,0.09660894423723221,0.46620216965675354
176,1,1,18446,14502,22390,32513,0.17515705525875092,0.2720506191253662
317,1,2,17345,13715,20975,30544,0.1473911702632904,0.26943185925483704
42,1,3,19264,15768,22760,25500,0.13005833327770233,0.21193966269493103
122,1,1,13448.5,9965,16932,39632,0.11809919029474258,0.29416146874427795
342,1,3,16546,12544,20548,38432,0.10831592231988907,0.3800108730792999
238,1,1,13385.5,10648,16123,34160,0.11773841828107834,0.2841903865337372
193,1,2,17744,14935,20553,27256,0.1841028332710266,0.21286609768867493
295,1,3,22030.5,17860,26201,29198,0.15211103856563568,0.22436939179897308
58,1,3,18682.5,14970,22395,28580,0.11078653484582901,0.22253188490867615
165,1,1,13853,11302,16404,35430,0.12150530517101288,0.2562561631202698
133,1,1,11552.5,10167,12938,46300,0.11203841865062714,0.23637902736663818
275,1,1,14121,11806,16436,32373,0.11359874159097672,0.3393336534500122
286,1,3,23430.5,19164,27697,28859,0.16045983135700226,0.28898298740386963
223,1,2,18015,14357,21673,25588,0.12143057584762573,0.1635848730802536
61,1,2,17231,13900,20562,32354,0.12739476561546326,0.19132016599178314
188,1,1,13908.5,12011,15806,29763,0.12670660018920898,0.26153695583343506
231,1,1,12476.5,10088,14865,32833,0.12035057693719864,0.27867284417152405
450,4,2,21093.5,16790,25397,25514,0.10053927451372147,0.17752183973789215
343,1,3,14801.5,11762,17841,45646,0.09903009235858917,0.4109114706516266
108,1,1,11785,9845,13725,29096,0.12101265788078308,0.2644936740398407
247,1,1,12387,10513,14261,38960,0.12445030361413956,0.264412522315979
272,1,1,11478.5,8457,14500,36149,0.13177242875099182,0.3362777829170227
28,1,2,22165.5,17912,26419,27622,0.13171027600765228,0.18541966378688812
406,3,1,18749.15328,13915.427880000003,23582.878679999994,31550,0.08546401560306549,0.21050840616226196
68,1,2,15924,12579,19269,34511,0.11479664593935013,0.2822275757789612
254,1,1,12113.5,9981,14246,44071,0.11348088830709457,0.3793618977069855
447,4,1,13963.5,11055,16872,35267,0.10797815769910812,0.33083376288414
407,3,1,17285.237199999996,14403.424509999997,20167.049889999995,27e3,0.0986216589808464,0.22705276310443878
439,4,1,19186,15973,22399,26905,0.10965052992105484,0.18785326182842255
150,1,1,12442.5,11134,13751,32712,0.12025298923254013,0.27240803837776184
224,1,1,14776,12371,17181,29589,0.11887352913618088,0.2415785938501358
239,1,2,15856,11853,19859,27251,0.14467042684555054,0.2248840183019638
303,1,2,18935,14454,23416,30523,0.1707945168018341,0.2716287076473236
344,1,3,17138,12835,21441,29647,0.09851736575365067,0.3014448285102844
448,4,2,17346.5,13e3,21693,29780,0.11347852647304535,0.23379860818386078
408,3,1,20816.874004999998,16460.092709999997,25173.6553,28549,0.1144699677824974,0.19648434221744537
109,1,1,15733.5,12499,18968,26881,0.12427304685115814,0.22916074097156525
116,1,1,10996.5,8772,13221,28209,0.12552018463611603,0.269197940826416
104,1,1,14168,11286,17050,31526,0.11896153539419174,0.2217680960893631
38,1,2,18791.5,14916,22667,27734,0.10819543153047562,0.1620844453573227
157,1,1,13757.5,11932,15583,41812,0.11360706388950348,0.3442004919052124
194,1,1,12720,10929,14511,29831,0.13173618912696838,0.25432920455932617
425,3,2,23244.525295,18750.27158,27738.77901,28131,0.10490205138921738,0.17156261205673218
39,1,1,17225,13887,20563,31089,0.11694647371768951,0.19531244039535522
202,1,1,14182.5,10980,17385,27078,0.10522861033678055,0.22257284820079803
50,1,1,14358.5,12053,16664,36155,0.12664392590522766,0.28352639079093933
304,1,2,17311.5,12903,21720,27847,0.11886388063430786,0.25279849767684937
262,1,1,15991,13138,18844,29059,0.11908166855573654,0.19777077436447144
189,1,1,14399.5,12034,16765,29172,0.12417041510343552,0.2427992820739746
209,1,2,17709,13711,21707,29827,0.12365724891424179,0.23673219978809357
82,1,1,15839,13173,18505,30223,0.12072687596082687,0.25565871596336365
203,1,3,17176.5,13697,20656,27605,0.15238481760025024,0.2772618532180786
44,1,3,19986,15978,23994,26565,0.18556679785251617,0.21940872073173523
263,1,2,16679,12637,20721,29016,0.11615502834320068,0.18569989502429962
190,1,2,13605.5,11161,16050,25610,0.1465950459241867,0.24754633009433746
287,1,2,20106,16562,23650,28008,0.11707311123609543,0.18607184290885925
409,3,1,16267.701839999994,12590.922909999994,19944.480769999995,30500,0.0809682309627533,0.26541781425476074
227,1,3,15509.5,12137,18882,32555,0.1781889945268631,0.42593804001808167
436,4,1,15654.5,13293,18016,28403,0.1176939457654953,0.2475937157869339
177,1,1,18067,14633,21501,26778,0.1253233551979065,0.20233944058418274
410,3,1,15902.346745000003,13201.127770000006,18603.56572,31154,0.09697309136390686,0.30363771319389343
57,1,2,17167.5,13780,20555,30187,0.10788608342409134,0.2023945450782776
52,1,2,17553.5,13812,21295,27430,0.1655256152153015,0.21455588936805725
55,1,2,13962.5,11143,16782,35026,0.12484219670295715,0.25529977679252625
70,1,3,18858,14765,22951,27980,0.17977233231067657,0.23694217205047607
449,4,1,14464,12423,16505,25073,0.11549466848373413,0.2633558213710785
178,1,2,19877,15516,24238,27863,0.15139038860797882,0.2462485283613205
117,1,1,12779,10444,15114,27832,0.12099899351596832,0.25709962844848633
64,1,3,16468,12504,20432,35634,0.13437435030937195,0.3479001820087433
345,1,3,13649.5,10669,16630,41268,0.10276152938604355,0.3391713500022888
29,1,1,18233.5,14936,21531,27848,0.1312662661075592,0.18928754329681396
276,1,2,16293,12954,19632,24985,0.1198858916759491,0.20703263580799103
255,1,2,12286.5,9737,14836,51063,0.12006322294473648,0.3395980894565582
420,3,2,21256.075730000004,15942.646900000007,26569.50456,31986,0.11205575615167618,0.2305883914232254
443,4,1,19687,15505,23869,27208,0.11421447992324829,0.19550170004367828
179,1,1,13206.5,11892,14521,37824,0.12547259032726288,0.3397705852985382
346,1,2,11760.5,9546,13975,58257,0.106096550822258,0.530376136302948
215,1,1,12334.5,11314,13355,30204,0.12340156733989716,0.26963791251182556
288,1,2,20599,17363,23835,28209,0.11740636080503464,0.19393587112426758
134,1,1,12404,9781,15027,39296,0.11949437111616135,0.2000703066587448
180,1,1,17866,13250,22482,27306,0.13037529587745667,0.25133639574050903
123,1,1,14177.5,11583,16772,34082,0.11198417842388153,0.2545606791973114
301,1,2,18172,15560,20784,27739,0.11537943780422211,0.17385514080524445
264,1,1,13741.5,10664,16819,39006,0.1171782985329628,0.2817608416080475
256,1,2,13249.5,11018,15481,40346,0.1514560431241989,0.29923635721206665
225,1,1,11999.5,9928,14071,41291,0.13098695874214172,0.389912873506546
151,1,2,14964.5,11746,18183,33253,0.12507013976573944,0.24705426394939423
43,1,1,11108,8445,13771,31099,0.1249551847577095,0.32904213666915894
216,1,1,14851,13751,15951,27043,0.11342592537403107,0.27298611402511597
289,1,2,20914.5,16338,25491,28773,0.12644347548484802,0.2230267971754074
310,1,2,19930,16093,23767,25053,0.10439194738864899,0.15362508594989777
217,1,1,16406,12003,20809,27987,0.12064287066459656,0.22693157196044922
411,3,1,15605.576294999999,12652.36331,18558.789279999997,30565,0.08655545115470886,0.2699912190437317
232,1,1,14368.5,11592,17145,31697,0.11821511387825012,0.22122612595558167
297,1,2,18981,15239,22723,28581,0.12460087984800339,0.24064300954341888
218,1,1,13413.5,9924,16903,32527,0.12814265489578247,0.2610405683517456
166,1,1,11873,9798,13948,62355,0.11101739853620529,0.31984949111938477
302,1,2,16612,12875,20349,27938,0.1583888977766037,0.25664469599723816
167,1,1,16043,13050,19036,30511,0.11922036856412888,0.2177106738090515
412,3,1,19732.820405,16395.117469999997,23070.52334,32618,0.08953786641359329,0.2663136422634125
76,1,1,13880.5,11211,16550,31490,0.1215476393699646,0.2749556303024292
65,1,3,16901,13992,19810,31037,0.10117679834365845,0.2584275007247925
311,1,2,14213.5,11341,17086,38773,0.11700190603733063,0.28528356552124023
413,3,1,18335.751269999993,15983.495379999993,20688.007159999994,32971,0.1027759239077568,0.2514854073524475
85,1,1,12036,10497,13575,45693,0.11132635921239853,0.36857253313064575
91,1,1,11297,10039,12555,43236,0.11288565397262573,0.40096530318260193
105,1,1,14774.5,11762,17787,32464,0.12828350067138672,0.25953102111816406
51,1,2,12707.5,10151,15264,33641,0.13677603006362915,0.2668943703174591
110,1,1,12767.5,9136,16399,35372.23828125,0.12102822214365005,0.3427320122718811
195,1,1,15431,13014,17848,26875,0.10025356709957123,0.1579463928937912
196,1,1,14252.5,11335,17170,33116,0.12351835519075394,0.25644221901893616
97,1,1,13210,10056,16364,30153,0.11822003126144409,0.3335384130477905
414,3,1,20306.733930000002,16438.551890000002,24174.915970000002,30275,0.10534322261810303,0.2204020917415619
204,1,1,12297.5,10413,14182,33398,0.1148972138762474,0.2703677713871002
210,1,1,11938,10187,13689,40402,0.12472312897443771,0.31050360202789307
228,1,1,11936,10266,13606,52176,0.11952102929353714,0.3670541048049927
181,1,2,15270,13003,17537,30181,0.13729910552501678,0.26397719979286194
233,1,1,13140,11135,15145,27899,0.12426767498254776,0.25054100155830383
240,1,1,13711.5,11807,15616,31005,0.12547233700752258,0.25088945031166077
305,1,2,19636,15325,23947,28297,0.1201227530837059,0.19242225587368011
71,1,3,17927,13690,22164,27714,0.17327933013439178,0.24622316658496857
59,1,3,15870.5,12189,19552,34371,0.11417213827371597,0.21825331449508667
347,1,3,17133.5,13230,21037,44626,0.10548698902130127,0.4307006001472473
257,1,2,13582,11503,15661,38202,0.11374200880527496,0.25947317481040955
280,1,2,11342.5,9369,13316,62701,0.10415046662092209,0.4634324908256531
248,1,1,12833,11566,14100,29262,0.11984605342149734,0.24566897749900818
296,1,2,19286.5,15378,23195,26998,0.12141840904951096,0.2087157815694809
241,1,1,13904.5,10261,17548,33060,0.12940733134746552,0.30275440216064453
242,1,1,14323,11800,16846,30351,0.12259265780448914,0.23740537464618683
283,1,2,16103.5,14089,18118,31246,0.11798223108053207,0.22076989710330963
415,3,1,17050.498985,14146.848629999993,19954.149340000004,41454,0.08728041499853134,0.33302348852157593
290,1,2,15885.5,13118,18653,32693,0.12138089537620544,0.2980828583240509
30,1,2,18026,13951,22101,29470,0.13560901582241058,0.22815090417861938
47,1,2,20652.5,16445,24860,25949,0.11942165344953537,0.1547083854675293
265,1,1,13311.5,10630,15993,39027.15625,0.11707083135843277,0.33381980657577515
141,1,1,13937.5,11918,15957,35717,0.12202578037977219,0.3287118971347809
249,1,1,12991,10072,15910,35634,0.11310436576604843,0.2898213863372803
306,1,2,19232,15908,22556,26637,0.12004979699850082,0.18184977769851685
258,1,2,11713,8948,14478,41881,0.12233413010835648,0.3446798026561737
348,1,3,14350.5,11990,16711,36743,0.11844924092292786,0.3008385896682739
168,1,1,16113,12755,19471,30558,0.11242041736841202,0.1891946643590927
438,4,2,17908.5,14039,21778,28032,0.13918644189834595,0.2584717571735382
56,1,2,15907,13097,18717,32268,0.11638275533914566,0.2270733267068863
291,1,2,19933,16475,23391,24888,0.12100262939929962,0.17548806965351105
243,1,2,16046,13057,19035,27825,0.12497763335704803,0.17417475581169128
259,1,1,13773.5,10633,16914,39310,0.1226203665137291,0.329682320356369
234,1,1,13873.5,10908,16839,31449,0.12282902002334595,0.2813037633895874
111,1,1,13933,10780,17086,27230,0.11756540834903717,0.2796853482723236
46,1,2,18032,14911,21153,27502,0.12986257672309875,0.20924946665763855
135,1,1,18266.5,15220,21313,28500,0.09525953233242035,0.15879474580287933
152,1,1,12490,10331,14649,36271,0.12464252859354019,0.30530428886413574
142,1,1,14040,11822,16258,37298,0.12194542586803436,0.3018052875995636
169,1,2,18499.5,14727,22272,26375,0.11279892176389694,0.19606471061706543
441,4,1,15671,13260,18082,33237,0.1188148781657219,0.2978127598762512
158,1,2,12494.5,9649,15340,41673,0.11511193215847015,0.33909109234809875
60,1,2,15564,13517,17611,31213,0.10925636440515518,0.17437422275543213
170,1,1,13118.5,10404,15833,37875,0.12153912335634232,0.2709948718547821
53,1,2,16577.5,12987,20168,24863,0.11808034032583237,0.2064598798751831
446,4,2,18844,15923,21765,27388,0.11196890473365784,0.20283612608909607
112,1,1,14473.5,12243,16704,26545,0.12066540122032166,0.2166500985622406
349,1,3,18836,15169,22503,47872,0.10121449828147888,0.41026610136032104
292,1,2,15535,12840,18230,38201,0.1166115254163742,0.337757408618927
171,1,1,12271.5,10061,14482,44026,0.1208311915397644,0.3463703691959381
136,1,1,11187,9478,12896,47824,0.11978106945753098,0.3194214403629303
229,1,1,11816,9878,13754,36279,0.11526867747306824,0.3721376955509186
318,1,2,17689.5,14369,21010,26948,0.10611481964588165,0.18349342048168182
312,1,2,18471.5,14624,22319,25396,0.10802213102579117,0.1688649207353592
350,1,3,16054.5,12696,19413,34599,0.10013242810964584,0.2998754382133484
351,1,3,15374.5,11701,19048,56439,0.09955506026744843,0.5357339382171631
33,1,2,16850,14219,19481,31656,0.1259687840938568,0.2744728624820709
266,1,1,13958.5,11413,16504,36034,0.1437251716852188,0.3843543529510498
159,1,3,15574,12156,18992,35929,0.11662226170301437,0.3219561278820038
250,1,1,16035,12120,19950,27358,0.11668361723423004,0.17880024015903473
260,1,1,12099.5,10092,14107,55101,0.12246865779161453,0.40137261152267456
124,1,1,12288.5,9769,14808,37937.65234375,0.12248964607715607,0.28878742456436157
211,1,1,15530,13776,17284,28823,0.10843772441148758,0.20393384993076324
281,1,2,15094,12485,17703,33315,0.15725524723529816,0.30013611912727356
63,1,1,13355,10562,16148,39414,0.1215340867638588,0.3210761845111847
113,1,1,12712,9310,16114,31991,0.11883006244897842,0.3003225028514862
118,1,1,12147,9451,14843,32914,0.1182125061750412,0.3075440526008606
421,3,2,25000.87244,21254.941720000003,28746.803159999996,29002,0.11102783679962158,0.16513651609420776
182,1,1,15111,12148,18074,30613,0.13947437703609467,0.2535496950149536
197,1,1,14347,11469,17225,27705,0.1192629486322403,0.2527625858783722
422,3,1,19341.191925,16660.113410000005,22022.270439999993,31367,0.10125657916069031,0.21474957466125488
230,1,1,12075.5,10545,13606,40308,0.12323002517223358,0.3290978968143463
235,1,1,14156,10978,17334,25243,0.10685564577579498,0.24845865368843079
352,1,3,13672.5,10202,17143,76159,0.09160546213388443,0.5028905868530273
119,1,2,17186,13205,21167,28695,0.13077744841575623,0.224781796336174
293,1,2,18204.5,15013,21396,27482,0.12166392058134079,0.1953805834054947
79,1,1,13334.5,10990,15679,32375,0.12665356695652008,0.29490306973457336
153,1,1,11893,10052,13734,42682,0.13941751420497894,0.40657132863998413
66,1,2,13207.5,10248,16167,48444,0.11158757656812668,0.38395169377326965
298,1,2,17843,14114,21572,32434,0.1254827231168747,0.2526276707649231
261,1,2,12566,10134,14998,47987,0.11290016770362854,0.38358274102211
67,1,2,11701.5,9747,13656,43153,0.1244858130812645,0.3998374044895172
313,1,3,19190.5,15487,22894,27190,0.105970099568367,0.1950591653585434
277,1,2,17071.5,12776,21367,33204,0.14502248167991638,0.27663126587867737
273,1,2,16498,12562,20434,32983,0.12532132863998413,0.25955262780189514
434,4,1,17835,15238,20432,27848,0.11517436057329178,0.22793646156787872
278,1,1,13336.5,10812,15861,34054,0.11584002524614334,0.2872041165828705
86,1,1,11758.5,9931,13586,42457,0.12358630448579788,0.3355509042739868
183,1,1,17623.5,15393,19854,30130,0.12046381831169128,0.2298407107591629
279,1,1,16200.5,12629,19772,28954,0.11402881890535355,0.22066757082939148
40,1,2,14643,12014,17272,30564,0.16592992842197418,0.3240114152431488
