"country","countrycode","year","aid","oil","gdp.capita","institutions","polity2","population","mortality"
"Afghanistan","AFG",1996,NA,"..",NA,-2.05886922279994,-7,"17822884",105.6
"Afghanistan","AFG",1998,NA,"..",NA,-2.09382142623266,-7,"18863999",104.4
"Afghanistan","AFG",2000,NA,"..",NA,-2.13289405902227,-7,"20093756",104.2
"Afghanistan","AFG",2002,1.152363794,"0.010029386249079",NA,-1.74533585707347,NA,"21979923",103.3
"Afghanistan","AFG",2003,1.212724644,"0.0102723734983259",NA,-1.57793831825256,NA,"23064851",103.9
"Afghanistan","AFG",2004,3.276531558,"0.0117875054347387",NA,-1.49325290322304,NA,"24118979",103.6
"Afghanistan","AFG",2005,3.976666167,"0.0141612105500983",NA,-1.56758906443914,NA,"25070798",103.8
"Afghanistan","AFG",2006,3.082130355,"0.00531447974059541",NA,-1.67816565434138,NA,"25893450",103.8
"Afghanistan","AFG",2007,2.503251724,"0.00414680727066109",NA,-1.70135388771693,NA,"26616792",103.7
"Afghanistan","AFG",2008,2.5125005,"0.00529760489806905",NA,-1.77588278055191,NA,"27294031",103.3
"Afghanistan","AFG",2009,1.301563873,"0.00224129073986938",NA,-1.79386476675669,NA,"28004331",103.2
"Afghanistan","AFG",2010,0.438725894,"0.00237818897269424",NA,-1.76745124657949,NA,"28803167",103
"Albania","ALB",1996,2.99015884,"0.984573853288986",990.6532077,-0.74621956050396,0,"3168033",29.8
"Albania","ALB",1998,1.650080654,"0.136039483284248",1013.514317,-0.690750459829966,5,"3128530",27.4
"Albania","ALB",2000,3.878860857,"0.914881888309388",1200.137437,-0.675700525442759,5,"3089027",25.3
"Albania","ALB",2002,3.034135061,"0.654590548859491",1313.722725,-0.524899039417505,7,"3051010",23.2
"Albania","ALB",2003,3.149790539,"0.650580487206376",1381.040832,-0.498368055870136,7,"3039616",22.4
"Albania","ALB",2004,4.572141979,"0.488093256954193",1454.022854,-0.432389174277584,7,"3026939",21.4
"Albania","ALB",2005,3.133522618,"0.842589086244412",1525.723589,-0.508946372196078,9,"3011487",20.3
"Albania","ALB",2006,3.561523097,"1.16924390598883",1594.495067,-0.435049716072778,9,"2992547",19.6
"Albania","ALB",2007,6.18683777,"0.8840895840028",1681.61391,-0.312320861344536,9,"2970017",18.7
"Albania","ALB",2008,7.390890059,"1.06987433227152",1804.419415,-0.205898119757573,9,"2947314",17.8
"Albania","ALB",2009,7.959931756,"0.751034891000837",1857.352947,-0.151412506898244,9,"2927519",17.2
"Albania","ALB",2010,9.356869813,"1.5303675714844",1915.424459,-0.166480783373117,9,"2913021",16.4
"Argentina","ARG",1996,2.553203331,"1.24025048662972",7484.004016,0.190921352788185,7,"35419682",19.6
"Argentina","ARG",1998,2.438768046,"0.435855390195356",8205.47459,0.137408439264012,7,"36241590",18.4
"Argentina","ARG",2000,3.665790656,"1.79400868906986",7695.594073,0.0199049860239029,8,"37057452",17.5
"Argentina","ARG",2002,2.105941749,"3.88139253211587",6428.393836,-0.532957168916861,8,"37889370",16.4
"Argentina","ARG",2003,1.274727568,"3.44183555056471",6933.155594,-0.355613469767074,8,"38309379",15.8
"Argentina","ARG",2004,2.693609323,"3.47170510064211",7492.249508,-0.356643738845984,8,"38728696",15.3
"Argentina","ARG",2005,2.874148164,"4.22367432364308",8107.975365,-0.235770680165539,8,"39145488",14.8
"Argentina","ARG",2006,2.586741481,"4.22709763660241",8717.176296,-0.189045355965694,8,"39558890",14.2
"Argentina","ARG",2007,2.48233393,"3.38610303079657",9388.688523,-0.193335036747158,8,"39970224",13.7
"Argentina","ARG",2008,2.977121049,"3.64640716604488",9935.834246,-0.292129475002487,8,"40382389",13.2
"Argentina","ARG",2009,1.308169461,"1.84305113982514",9933.229024,-0.371449922521909,8,"40799407",12.7
"Argentina","ARG",2010,1.913441667,"2.12950178914464",10749.31922,-0.268788353074342,8,"41223889",12.3
"Armenia","ARM",1996,1.100209269,"0",496.8729112,-0.488231023152669,-6,"3168215",35.7
"Armenia","ARM",1998,11.66113519,"0",562.0276149,-0.499162189662457,5,"3108684",32.5
"Armenia","ARM",2000,5.450511635,"0",621.4248263,-0.490455642342567,5,"3069588",29.2
"Armenia","ARM",2002,4.660062565,"0",774.3699779,-0.35832518292591,5,"3033897",26.5
"Armenia","ARM",2003,4.306005449,"0",883.2457014,-0.208052990337213,5,"3017806",25.2
"Armenia","ARM",2004,6.929888594,"0",975.0468166,-0.273545250917474,5,"3000612",23.8
"Armenia","ARM",2005,4.884966889,"0",1109.033787,-0.288353362431129,5,"2981259",22.7
"Armenia","ARM",2006,7.098054941,"0",1253.8133,-0.343365835646788,5,"2958500",21.6
"Armenia","ARM",2007,7.590690174,"0",1424.190562,-0.320803294579188,5,"2933056",20.4
"Armenia","ARM",2008,8.021205012,"0",1520.033931,-0.275152986869216,5,"2908220",19.3
"Armenia","ARM",2009,8.990485453,"0",1302.45698,-0.236877402639948,5,"2888584",18.4
"Armenia","ARM",2010,6.083121609,"0",1326.710864,-0.30710338242352,5,"2877311",17.5
"Australia","AUS",1996,1.531488728,"0.483842492744298",19153.00146,1.55978226661682,10,"18311000",5.6
"Australia","AUS",1998,1.484727203,"0.232671497897705",20381.76443,1.51593557993571,10,"18711000",5.3
"Australia","AUS",2000,3.266590565,"0.863126744737264",21766.17351,1.65033443768819,10,"19153000",5.1
"Australia","AUS",2002,4.278456651,"0.81069421052457",22498.92595,1.52902160088221,10,"19651400",5
"Australia","AUS",2003,1.712984884,"0.775742875966664",22950.19104,1.56854959328969,10,"19895400",4.9
"Australia","AUS",2004,5.983225722,"0.711107155027003",23628.42314,1.68816467126211,10,"20127400",4.8
"Australia","AUS",2005,-5.111614581,"0.865826640693169",24008.65753,1.57073285182317,10,"20394800",4.7
"Australia","AUS",2006,3.522892402,"0.840403021422887",24386.04252,1.56678034861883,10,"20697900",4.6
"Australia","AUS",2007,4.792704034,"0.850666770552889",24806.24969,1.60439214110374,10,"20827600",4.4
"Australia","AUS",2008,4.453781979,"0.900702525566347",25246.46096,1.63487249612808,10,"21249200",4.3
"Australia","AUS",2009,2.948023571,"0.50091744872931",25083.35306,1.58127549290657,10,"21691700",4.2
"Australia","AUS",2010,2.70198663,"0.691316553031657",25249.08022,1.59123528003693,10,"22031750",4.1
"Azerbaijan","AZE",1996,19.74587488,"17.8081988042539",489.1025898,-1.06511137882868,-6,"7763000",64.1
"Azerbaijan","AZE",1998,23.00665415,"3.00830585302988",558.427421,-0.97178715467453,-7,"7913000",59.7
"Azerbaijan","AZE",2000,2.464373862,"32.3468815510034",655.0974326,-0.99432451526324,-7,"8048600",55.8
"Azerbaijan","AZE",2002,22.32888757,"22.4711356232666",784.2478926,-0.960143148899078,-7,"8171950",52.2
"Azerbaijan","AZE",2003,45.14985707,"24.3864669563398",865.5012737,-0.859545658032099,-7,"8234100",50.6
"Azerbaijan","AZE",2004,40.96646642,"26.8088921769981",945.4691735,-0.881852289040883,-7,"8306500",48.8
"Azerbaijan","AZE",2005,12.68302373,"36.7850749278227",1182.918447,-0.84819632768631,-7,"8391850",47
"Azerbaijan","AZE",2006,-2.783230697,"41.7140640398282",1573.64218,-0.862344980239868,-7,"8484550",45.5
"Azerbaijan","AZE",2007,-14.36904677,"36.6110564293678",1945.637549,-0.806632096568743,-7,"8581300",43.8
"Azerbaijan","AZE",2008,0.030244113,"34.6728813606149",2110.970428,-0.747324630618095,-7,"8763400",42.5
"Azerbaijan","AZE",2009,1.068613848,"23.2732773284622",2259.881745,-0.7701515853405,-7,"8947243",41.1
"Azerbaijan","AZE",2010,1.064401036,"28.9975955934107",2344.810935,-0.81983582675457,-7,"9054332",39.4
"Belgium","BEL",1996,NA,"0",20184.33064,1.38839487234751,10,"10156637",5.9
"Belgium","BEL",1998,NA,"0",21245.07306,1.29029454787572,10,"10203008",5.2
"Belgium","BEL",2000,NA,"0",22697.0123,1.37813687324524,10,"10251250",4.7
"Belgium","BEL",2002,7.152267479,"0",23008.47915,1.42370049158732,10,"10332785",4.3
"Belgium","BEL",2003,11.08284182,"0",23097.1679,1.37047123908997,10,"10376133",4.2
"Belgium","BEL",2004,12.28013469,"0",23748.84871,1.35288667678833,10,"10421137",4.1
"Belgium","BEL",2005,8.926406481,"0",24034.19187,1.29587582747142,10,"10478617",4
"Belgium","BEL",2006,14.70818799,"0",24525.17824,1.29434062043826,10,"10547958",3.9
"Belgium","BEL",2007,21.01484915,"0",25056.58073,1.29500565926234,8,"10625700",3.8
"Belgium","BEL",2008,36.42961247,"0",25100.4671,1.23481380939484,8,"10709973",3.7
"Belgium","BEL",2009,14.05367969,"0",24201.92686,1.32641332348188,8,"10796493",3.6
"Belgium","BEL",2010,17.66954109,"0",24518.02201,1.33650155862172,8,"10895586",3.5
"Benin","BEN",1996,1.608527935,"0.339991320370978",315.0836292,-0.0972150837381681,6,"6094259",95.6
"Benin","BEN",1998,1.625667577,"0.0848269068654808",330.7403465,-0.0338515117764473,6,"6470265",92.1
"Benin","BEN",2000,2.64926008,"0",345.9503552,-0.0321989854176839,6,"6865951",88.6
"Benin","BEN",2002,0.481168512,"0",356.6052314,-0.198680141319831,6,"7295394",85.4
"Benin","BEN",2003,1.257216788,"0",358.774753,-0.187894520660241,6,"7520555",83.7
"Benin","BEN",2004,1.577401525,"0",358.2463984,-0.284053299886485,6,"7750004",82.1
"Benin","BEN",2005,1.237187372,"0",357.2500703,-0.374927530686061,6,"7982225",80.5
"Benin","BEN",2006,1.123596178,"0",360.6554107,-0.218228374918302,7,"8216896",79
"Benin","BEN",2007,4.602161525,"0",366.0449665,-0.207289298375448,7,"8454791",77.5
"Benin","BEN",2008,2.541395635,"0",373.5066867,-0.239679927627246,7,"8696916",76.2
"Benin","BEN",2009,2.03923461,"0",376.6216226,-0.248360628883044,7,"8944706",74.7
"Benin","BEN",2010,1.691431562,"0",377.0443007,-0.2914742877086,7,"9199259",73.2
"Belarus","BLR",1996,0.708145155,"0.864487980934801",948.9599152,-0.691708830806116,-7,"10160000",13.2
"Belarus","BLR",1998,1.334908698,"0.138589047744828",1156.297823,-0.805472806251297,-7,"10069000",12.1
"Belarus","BLR",2000,0.93272622,"1.71055893622293",1273.049124,-0.875967431192597,-7,"9979610",10.6
"Belarus","BLR",2002,1.693054218,"1.16767944088454",1411.756736,-0.963002907733122,-7,"9865548",9
"Belarus","BLR",2003,0.963791291,"1.13926071071129",1518.99982,-0.835035999615987,-7,"9796749",8.3
"Belarus","BLR",2004,0.707816603,"1.19249353490907",1701.450906,-0.945277036478122,-7,"9730146",7.6
"Belarus","BLR",2005,1.009596401,"1.33719604006566",1871.393671,-0.996274933218956,-7,"9663915",6.9
"Belarus","BLR",2006,0.957742485,"1.3251911326968",2067.609425,-1.07293716693918,-7,"9604924",6.2
"Belarus","BLR",2007,3.987347565,"1.13253565773739",2253.464111,-0.960945238669713,-7,"9560953",5.6
"Belarus","BLR",2008,3.588668534,"1.15652890029472",2510.27848,-0.876539727052053,-7,"9527985",5
"Belarus","BLR",2009,3.824541371,"0.705852320899757",2539.508991,-0.861008991797765,-7,"9506765",4.5
"Belarus","BLR",2010,2.540341015,"0.954382573497724",2739.950643,-0.970927268266678,-7,"9490583",4
"Bolivia","BOL",1996,6.40939672,"2.01119637165275",968.9310379,-0.230006389319897,9,"7717443",69.2
"Bolivia","BOL",1998,11.17152199,"0.682877501732518",1023.377496,-0.0323865413665771,9,"8026254",64.4
"Bolivia","BOL",2000,8.768307132,"2.47326964350119",1010.907367,-0.218273429820935,9,"8339512",60
"Bolivia","BOL",2002,8.557893503,"2.30390129429737",1012.126212,-0.349866198996703,9,"8653345",56
"Bolivia","BOL",2003,2.442344924,"2.96985999680701",1019.610271,-0.425294796315332,8,"8810420",53.9
"Bolivia","BOL",2004,0.745772609,"4.36275706834052",1042.414432,-0.482896936436494,8,"8967741",52.1
"Bolivia","BOL",2005,-2.498849039,"6.73558521633143",1069.018333,-0.665244398017724,8,"9125409",50.1
"Bolivia","BOL",2006,2.451804766,"6.33912146928285",1101.038461,-0.592050074289242,8,"9283334",48.2
"Bolivia","BOL",2007,2.791766736,"5.68472922852651",1132.21388,-0.600129256645838,8,"9441444",46.6
"Bolivia","BOL",2008,3.072474487,"5.88433816487573",1182.464638,-0.630894690752029,8,"9599855",45
"Bolivia","BOL",2009,2.439678146,"2.30972463405817",1202.780485,-0.618154515822729,7,"9758748",43.4
"Bolivia","BOL",2010,3.165428526,"3.22104767201835",1232.688733,-0.550254515061776,7,"9918242",41.7
"Brazil","BRA",1996,1.333836306,"0.396648202244149",3627.626996,-0.0662276558578014,8,"164913306",39.1
"Brazil","BRA",1998,3.781938579,"0.173303738653033",3639.2678,-0.0314500964789962,8,"170170640",34.9
"Brazil","BRA",2000,5.084403071,"1.24901485264032",3696.146772,0.0588125418871641,8,"175287587",31.2
"Brazil","BRA",2002,3.290262932,"1.43764192891098",3739.838009,0.10805989181002,8,"180151021",27.8
"Brazil","BRA",2003,1.836034126,"1.63082538834622",3733.999249,0.0901993451019128,8,"182482149",26.2
"Brazil","BRA",2004,2.736786467,"1.82969867556777",3899.202566,-0.0478872926905751,8,"184738458",24.8
"Brazil","BRA",2005,1.707837557,"2.32827793675614",3976.693361,-0.0953443882366021,8,"186917361",23.3
"Brazil","BRA",2006,1.724852363,"2.32187578211788",4090.629962,-0.0903493116299311,8,"189012412",22
"Brazil","BRA",2007,2.531869712,"1.90137496549484",4297.743336,-0.0869820090010762,8,"191026637",20.8
"Brazil","BRA",2008,2.72614216,"2.24402124173971",4478.809189,-0.0124571247336765,8,"192979029",19.6
"Brazil","BRA",2009,1.600123064,"1.15369228103029",4424.758692,0.0954026309773326,8,"194895996",18.4
"Brazil","BRA",2010,2.263447945,"1.37976108871436",4716.614125,0.144235144058863,8,"196796269",17.3
"Canada","CAN",1996,1.569845431,"1.40064039506348",20276.45211,1.65674829483032,10,"29671900",5.6
"Canada","CAN",1998,3.687375519,"0.381037592465392",21580.31775,1.67879133423169,10,"30247900",5.4
"Canada","CAN",2000,9.124364028,"1.57495000359459",23559.50369,1.68815435965856,10,"30769700",5.3
"Canada","CAN",2002,3.001791766,"1.02564133397501",24214.92928,1.65542320410411,10,"31362000",5.3
"Canada","CAN",2003,0.832224563,"1.08896493881498",24425.87539,1.63596894343694,10,"31676000",5.3
"Canada","CAN",2004,-0.074709478,"1.42471645736507",24936.82539,1.61112002531687,10,"31995000",5.3
"Canada","CAN",2005,2.284502889,"1.60570104751157",25437.65134,1.55448998014132,10,"32312000",5.2
"Canada","CAN",2006,4.715570431,"1.6485530368734",25943.73602,1.62011528015137,10,"32570505",5.2
"Canada","CAN",2007,8.261843382,"1.56433173620572",26229.74308,1.59333282709122,10,"32887928",5.2
"Canada","CAN",2008,3.85161689,"2.59229287955865",26101.76407,1.6219242811203,10,"33245773",5.2
"Canada","CAN",2009,1.679526814,"1.30299139993514",25069.86915,1.65168658892314,10,"33628571",5.2
"Canada","CAN",2010,1.495645808,"1.58636760794229",25575.21698,1.62112253904343,10,"34005274",5.2
"Chile","CHL",1996,6.354334201,"0.0470894497418695",4504.721321,1.12897482514381,8,"14497826",10.8
"Chile","CHL",1998,5.830424912,"0.0138475364504411",4822.819463,0.932231055572629,8,"14887756",9.9
"Chile","CHL",2000,6.461883522,"0.0533495272835118",4877.522032,1.09798168639342,9,"15262754",9.1
"Chile","CHL",2002,3.790838997,"0.0385725575839389",5033.48962,1.24597173929214,9,"15623635",8.4
"Chile","CHL",2003,5.821653463,"0.0387453280736094",5173.029848,1.15444957216581,9,"15799542",8.2
"Chile","CHL",2004,7.49870817,"0.0410649484359065",5426.909357,1.19564637541771,9,"15973778",8
"Chile","CHL",2005,5.675327268,"0.0365334700604582",5599.888972,1.24825548132261,9,"16147064",7.9
"Chile","CHL",2006,4.718693696,"0.0213512343384014",5858.764042,1.13916608691216,10,"16319792",7.9
"Chile","CHL",2007,7.241556506,"0.014887674451979",6100.163658,1.13073500990868,10,"16491687",7.8
"Chile","CHL",2008,8.434069335,"0.0213394853640392",6240.105973,1.12720451752345,10,"16661942",7.8
"Chile","CHL",2009,7.459222391,"0.0139146913687928",6117.105649,1.12449917197227,10,"16829442",7.7
"Chile","CHL",2010,6.978370585,"0.0344350102492647",6430.056688,1.17743866642316,10,"16993354",7.7
"China","CHN",1996,4.693460662,"1.79689291029354",716.2451166,-0.422262215365966,-7,"1217550000",32.8
"China","CHN",1998,4.291591697,"0.689143851745227",827.348598,-0.498057375351588,-7,"1241935000",30
"China","CHN",2000,3.20401361,"2.00497425496221",949.1780621,-0.472167607396841,-7,"1262645000",27.3
"China","CHN",2002,3.391597337,"1.24944973652753",1105.952557,-0.598265228172143,-7,"1280400000",24.6
"China","CHN",2003,2.868854517,"1.31141920158143",1208.993961,-0.584340987106164,-7,"1288400000",23.4
"China","CHN",2004,2.844026841,"1.58581419729884",1323.219929,-0.528558903063337,-7,"1296075000",22.2
"China","CHN",2005,5.193324989,"2.16648026144344",1464.107627,-0.564118675887585,-7,"1303720000",21
"China","CHN",2006,4.57369268,"2.15386371725844",1640.861518,-0.574181137606502,-7,"1311020000",19.9
"China","CHN",2007,4.580688968,"1.71082508502422",1864.102702,-0.541016312936942,-7,"1317885000",18.9
"China","CHN",2008,3.873382134,"1.90911754741239",2032.61498,-0.487269505858421,-7,"1324655000",17.8
"China","CHN",2009,2.288292127,"0.810047753278887",2208.403948,-0.520366748174032,-7,"1331260000",16.8
"China","CHN",2010,3.120813164,"1.18483714779914",2426.332466,-0.578858132163684,-7,"1337705000",15.8
"Colombia","COL",1996,3.202627642,"2.76900208334259",2599.008309,-0.637179398288329,7,"38049038",25.7
"Colombia","COL",1998,2.873546017,"1.15556144363764",2610.185487,-0.613335644205411,7,"39234062",24.2
"Colombia","COL",2000,2.427628409,"4.54442720637317",2523.975779,-0.612810013194879,7,"40403958",22.7
"Colombia","COL",2002,2.172164947,"2.96285588869371",2546.440671,-0.651303599278132,7,"41572491",21.4
"Colombia","COL",2003,1.812637236,"3.47113281393392",2604.769247,-0.686318316186468,7,"42152151",20.6
"Colombia","COL",2004,2.573327196,"3.7297922301979",2701.343455,-0.59336735556523,7,"42724163",20
"Colombia","COL",2005,6.996756922,"4.55189096233028",2785.449373,-0.528125400965412,7,"43285634",19.4
"Colombia","COL",2006,4.089945992,"4.85680182708014",2927.388878,-0.422968739022811,7,"43835722",18.8
"Colombia","COL",2007,4.358290438,"3.87421990814261",3083.126278,-0.399880481728663,7,"44374572",18.2
"Colombia","COL",2008,4.342707074,"5.04694670556947",3146.126014,-0.400203830872973,7,"44901544",17.6
"Colombia","COL",2009,3.022104553,"2.81864223962139",3152.674797,-0.416981015664836,7,"45416181",17.1
"Colombia","COL",2010,2.389233073,"4.04881062162004",3233.434885,-0.325718646248182,7,"45918097",18.1
"Comoros","COM",1996,0.22126452,"..",365.5867871,-0.864993542432785,4,"488627",79.9
"Comoros","COM",1998,0.178378838,"..",365.936343,-0.934677988290787,4,"515385",77.2
"Comoros","COM",2000,0.046377283,"..",358.954574,-1.01250207920869,-1,"542357",74.7
"Comoros","COM",2002,0.171372099,"..",366.3016217,-0.705133631825447,4,"569479",72.6
"Comoros","COM",2003,0.244631886,"..",365.4465105,-0.936932275692622,4,"583211",71.4
"Comoros","COM",2004,0.185241835,"..",354.8973492,-0.906527707508455,6,"597228",70.1
"Comoros","COM",2005,0.144338785,"..",360.0724579,-0.961032420396805,6,"611627",69
"Comoros","COM",2006,0.142935573,"..",354.8404016,-0.861277704437574,9,"626425",68.5
"Comoros","COM",2007,1.617940955,"..",347.1016433,-1.04440346856912,9,"641620",66.8
"Comoros","COM",2008,1.418709619,"..",341.2175743,-1.0738830268383,9,"657229",65.6
"Comoros","COM",2009,1.697928095,"..",338.2994711,-1.03612656394641,9,"673252",64
"Comoros","COM",2010,1.735688042,"..",336.4831995,-0.985119705398877,9,"689692",62.8
"Cuba","CUB",1996,0.077026698,"0.447527590194189",2410.957384,-0.650689696272214,-7,"10961012",7.9
"Cuba","CUB",1998,0.05898215,"0.176865891152218",2463.462212,-0.643811747431755,-7,"11064097",7.3
"Cuba","CUB",2000,-0.03353487,"1.03023504925458",2752.552094,-0.572585428754489,-7,"11150736",6.6
"Cuba","CUB",2002,0.007889159,"0.957888357610237",2862.38565,-0.630794202287992,-7,"11217998",6
"Cuba","CUB",2003,-0.020221996,"1.09973261064922",2962.269179,-0.707252497474352,-7,"11244885",5.7
"Cuba","CUB",2004,0.009187808,"1.24033831038554",3125.704815,-0.706723605593046,-7,"11266941",5.5
"Cuba","CUB",2005,0.036581763,"1.54228863770271",3469.885203,-0.696890865763028,-7,"11284253",5.3
"Cuba","CUB",2006,0.04910688,"1.44653038165631",3884.798515,-0.62077126900355,-7,"11296233",5.2
"Cuba","CUB",2007,0.108714457,"1.32707256357945",4165.600383,-0.607618749141693,-7,"11303687",5
"Cuba","CUB",2008,0.039829041,"1.82481125050987",4337.776952,-0.582104799648126,-7,"11309754",4.9
"Cuba","CUB",2009,NA,"0.76422793727721",4402.307554,-0.547734489043554,-7,"11318602",4.7
"Cuba","CUB",2010,NA,"1.2288058225756",4495.054646,-0.533396258950233,-7,"11333051",4.6
"Cyprus","CYP",1996,2.500878688,"0",11895.83673,1.08685087164243,10,"873423",7.5
"Cyprus","CYP",1998,3.615417511,"0",12455.57131,0.977900579571724,10,"908704",6.4
"Cyprus","CYP",2000,9.177455893,"0",13421.65542,1.00388549268246,10,"943286",5.4
"Cyprus","CYP",2002,10.45194141,"0",13926.5451,1.00775382419427,10,"976966",4.6
"Cyprus","CYP",2003,6.818157335,"0",13952.06534,0.98316748936971,10,"993563",4.3
"Cyprus","CYP",2004,7.073678862,"0",14206.95908,0.927848135431608,10,"1010410",4.1
"Cyprus","CYP",2005,6.836022402,"0",14411.32418,0.943818648656209,10,"1027658",3.9
"Cyprus","CYP",2006,10.14831492,"0",14719.25766,1.04973495999972,10,"1045509",3.8
"Cyprus","CYP",2007,10.50945111,"0",15248.86529,1.08010724186897,10,"1063712",3.6
"Cyprus","CYP",2008,5.304998239,"0",15620.66611,1.17164043585459,10,"1081563",3.5
"Cyprus","CYP",2009,15.07912735,"0",15227.17046,1.06519170105457,10,"1098076",3.3
"Cyprus","CYP",2010,3.542919403,"0",15328.33481,1.10032761096954,10,"1112607",3.2
"Djibouti","DJI",1996,0.660629851,"..",839.0920436,-0.759243001540502,-6,"643682",87.6
"Djibouti","DJI",1998,0.617093466,"..",779.8060611,-0.960624118645986,-6,"680612",85.3
"Djibouti","DJI",2000,0.596129446,"..",753.1196451,-0.760196939110756,2,"717584",83.1
"Djibouti","DJI",2002,0.580649337,"..",754.2943932,-0.65817004442215,2,"746221",81.1
"Djibouti","DJI",2003,2.286739804,"..",764.0967613,-0.785674969355265,2,"758615",80
"Djibouti","DJI",2004,5.786694826,"..",779.2439036,-0.578388844927152,2,"770752",78.8
"Djibouti","DJI",2005,3.132332723,"..",789.3938915,-0.817138642072678,2,"783254",77.9
"Djibouti","DJI",2006,14.08394014,"..",811.9017619,-0.708950459957123,2,"796208",76.8
"Djibouti","DJI",2007,23.03889364,"..",837.2779296,-0.660478701194127,2,"809402",75.7
"Djibouti","DJI",2008,23.17013807,"..",869.0854807,-0.531071518858274,2,"822934",75.4
"Djibouti","DJI",2009,9.233046734,"..",895.3183396,-0.515542084972064,2,"836840",74.1
"Djibouti","DJI",2010,NA,"..",NA,-0.59619469443957,2,"851146",73
"Dominican Republic","DOM",1996,0.532213739,"0",2286.158872,-0.226650323718786,8,"8029113",38.2
"Dominican Republic","DOM",1998,3.305428177,"0",2556.581423,-0.415335676943262,8,"8296375",35.4
"Dominican Republic","DOM",2000,3.970969843,"0",2792.917696,-0.262113554335277,8,"8562622",32.9
"Dominican Republic","DOM",2002,3.450455794,"0",2916.783354,-0.234584330270688,8,"8832285",30.4
"Dominican Republic","DOM",2003,2.882215688,"0",2865.84728,-0.425676285017592,8,"8967760",29.4
"Dominican Republic","DOM",2004,4.12464452,"0",2860.651967,-0.402481440454721,8,"9102998",28.2
"Dominican Republic","DOM",2005,3.301667109,"0",3080.315496,-0.408225032190482,8,"9237566",27.1
"Dominican Republic","DOM",2006,3.016729225,"0",3360.408656,-0.307579713563124,8,"9371338",26.2
"Dominican Republic","DOM",2007,4.035854882,"0",3594.073251,-0.333994882802169,8,"9504353",25.2
"Dominican Republic","DOM",2008,6.265640834,"0",3730.909852,-0.328611759468913,8,"9636520",24.1
"Dominican Republic","DOM",2009,4.628084519,"0",3807.809787,-0.35295374194781,8,"9767758",23.2
"Dominican Republic","DOM",2010,3.152228392,"0",4049.039107,-0.397774984439214,8,"9897985",22.3
"Ecuador","ECU",1996,2.348318861,"6.57125041465221",1344.586764,-0.52102880179882,9,"11683479",31.7
"Ecuador","ECU",1998,3.739251784,"2.06583119882445",1383.787635,-0.431945985804002,9,"12163885",29.1
"Ecuador","ECU",2000,-0.147032332,"14.2089472072279",1291.341613,-0.68411127726237,6,"12628596",26.7
"Ecuador","ECU",2002,3.168806171,"6.91133982201089",1382.484605,-0.697883918881416,6,"13072060",24.6
"Ecuador","ECU",2003,3.06768747,"7.86685787839947",1403.492992,-0.698224276304245,6,"13289601",23.7
"Ecuador","ECU",2004,2.563711587,"11.8737186054061",1501.796897,-0.674218436082204,6,"13509647",22.6
"Ecuador","ECU",2005,1.335630737,"16.2731259891192",1562.326863,-0.74781696498394,6,"13735233",21.7
"Ecuador","ECU",2006,0.650830342,"17.0651486442283",1610.967343,-0.840506166219711,7,"13967480",20.7
"Ecuador","ECU",2007,0.426688624,"15.2013123124518",1618.868002,-0.816258544723193,5,"14205453",19.9
"Ecuador","ECU",2008,1.855241475,"17.1088367806702",1710.53306,-0.815833548704783,5,"14447562",19.1
"Ecuador","ECU",2009,0.61300554,"7.66610270319159",1692.067197,-0.843050842483838,5,"14691275",18.2
"Ecuador","ECU",2010,0.288550805,"10.2428418950085",1728.052156,-0.796392480532328,5,"14934690",17.6
"Egypt, Arab Rep.","EGY",1996,0.940414985,"7.23134750497845",1289.080933,-0.251076409903665,-6,"64933456",48.1
"Egypt, Arab Rep.","EGY",1998,1.268437026,"2.74465759052057",1367.342647,-0.289503860132148,-6,"67378056",42.3
"Egypt, Arab Rep.","EGY",2000,1.236997243,"5.89351077481128",1475.84441,-0.308958620531484,-6,"69905988",37
"Egypt, Arab Rep.","EGY",2002,0.736363106,"5.35923418472799",1507.929351,-0.451498619591196,-6,"72590118",32.4
"Egypt, Arab Rep.","EGY",2003,0.286287341,"6.97370193430111",1527.274258,-0.525493245571852,-6,"73981942",30.3
"Egypt, Arab Rep.","EGY",2004,1.589570738,"9.20526881458493",1560.38394,-0.492666569848855,-6,"75381899",28.4
"Egypt, Arab Rep.","EGY",2005,5.993818979,"11.7321743665156",1600.321838,-0.507795176158349,-3,"76778149",26.5
"Egypt, Arab Rep.","EGY",2006,9.343527188,"11.6408410907144",1678.954796,-0.664617605507374,-3,"78159048",24.7
"Egypt, Arab Rep.","EGY",2007,8.873615645,"10.580118524004",1765.869427,-0.568500826756159,-3,"79537253",22.9
"Egypt, Arab Rep.","EGY",2008,5.831412619,"12.1514196062491",1858.858447,-0.509682498251398,-3,"80953881",21.5
"Egypt, Arab Rep.","EGY",2009,3.551410104,"5.9284868663226",1911.964501,-0.462709038207928,-3,"82465022",20
"Egypt, Arab Rep.","EGY",2010,2.917207326,"7.25661318803335",1975.550031,-0.56483685101072,-3,"84107606",18.6
"Eritrea","ERI",1996,5.291989368,"0",203.4849296,-0.777689456939697,-6,"3116379",70.1
"Eritrea","ERI",1998,19.92126707,"0",212.6984812,-0.562050747374694,-6,"3224223",65.2
"Eritrea","ERI",2000,4.399548128,"0",172.7571562,-0.707711408535639,-6,"3392801",60.4
"Eritrea","ERI",2002,2.960857215,"0",199.1203198,-0.746811542039116,-7,"3614639",56
"Eritrea","ERI",2003,2.528059949,"0",185.8124989,-0.968099839985371,-7,"3738265",54.1
"Eritrea","ERI",2004,-0.709617586,"0",180.973696,-1.00725647062063,-7,"3858623",52.1
"Eritrea","ERI",2005,-0.094683744,"0",178.6738179,-1.10618478308121,-7,"3969007",50.4
"Eritrea","ERI",2006,0.037153635,"0",170.8777406,-1.27696580688159,-7,"4066648",48.6
"Eritrea","ERI",2007,-0.008346082,"0",167.7992226,-1.38014427820841,-7,"4153332",47
"Eritrea","ERI",2008,-0.016906221,"0",146.8084041,-1.30303970475992,-7,"4232636",45.4
"Eritrea","ERI",2009,0.001914971,"0",147.9979997,-1.36443881193797,-7,"4310334",43.7
"Eritrea","ERI",2010,2.626347968,"0",146.7766347,-1.39692594110966,-7,"4390840",42.3
"Estonia","EST",1996,3.177370934,"0.0718602205879781",3070.573905,0.657085862010717,6,"1415594",13.9
"Estonia","EST",1998,10.37776623,"0.0112069685882833",3742.409613,0.7597243587176,6,"1386156",11.9
"Estonia","EST",2000,6.824640909,"0.128897087068449",4143.930269,0.847171912590663,9,"1396985",10.1
"Estonia","EST",2002,3.887886133,"0.101576260952683",4730.725844,0.89371653397878,9,"1379350",8.6
"Estonia","EST",2003,9.33862995,"0.101053891034491",5117.244857,0.957700461149216,9,"1370720",7.9
"Estonia","EST",2004,8.031115632,"0.113124668324475",5459.032599,0.9795929590861,9,"1362550",7.3
"Estonia","EST",2005,21.15183047,"0.167522503920329",5956.443371,0.972461978594462,9,"1354775",6.7
"Estonia","EST",2006,10.64047056,"0.183654871709533",6570.332519,1.04214542110761,9,"1346810",6.1
"Estonia","EST",2007,12.36733979,"0.159976303694402",7072.465276,1.03190304835637,9,"1340680",5.6
"Estonia","EST",2008,7.321258716,"0.233215266998557",6817.923328,1.06908530990283,9,"1337090",5.2
"Estonia","EST",2009,9.925239709,"0.158032625376662",5847.594614,1.05788490176201,9,"1334515",4.8
"Estonia","EST",2010,8.176875532,"0.242217917798885",5980.447198,1.08179582158724,9,"1331475",4.3
"Finland","FIN",1996,0.871528223,"0",19468.15567,1.76109220584234,10,"5124573",4.1
"Finland","FIN",1998,9.2696831,"0",21594.65366,1.85032294193904,10,"5153498",3.8
"Finland","FIN",2000,7.492540473,"0",23529.53846,1.97016596794128,10,"5176209",3.5
"Finland","FIN",2002,6.122002155,"0",24393.37625,1.94536793231964,10,"5200598",3.3
"Finland","FIN",2003,2.113985293,"0",24825.00902,1.96297627687454,10,"5213014",3.2
"Finland","FIN",2004,1.518410353,"0",25774.06477,1.98334662119548,10,"5228172",3.1
"Finland","FIN",2005,2.454651236,"0",26435.02344,1.91034646828969,10,"5246096",3
"Finland","FIN",2006,3.713987772,"0",27495.24136,1.91271418333054,10,"5266268",2.9
"Finland","FIN",2007,5.152631142,"0",28839.22241,1.81612632671992,10,"5288720",2.8
"Finland","FIN",2008,-0.843103007,"0",28789.54385,1.83010017871857,10,"5313399",2.6
"Finland","FIN",2009,0.207654038,"0",26258.49418,1.86112385988235,10,"5338871",2.5
"Finland","FIN",2010,2.905308921,"0",27114.00711,1.85232621431351,10,"5363352",2.4
"Fiji","FJI",1996,0.113788487,"..",2025.48405,0.198739786632359,5,"784476",21.2
"Fiji","FJI",1998,6.458614594,"..",1966.646406,0.0797009488257269,5,"800315",20.2
"Fiji","FJI",2000,0.035114999,"..",2074.747318,-0.386740985016028,5,"811223",19.2
"Fiji","FJI",2002,1.664662411,"..",2171.607378,0.0240782620385289,5,"815691",18.3
"Fiji","FJI",2003,1.740715522,"..",2190.631908,-0.0656981666882833,5,"816628",17.8
"Fiji","FJI",2004,9.188561758,"..",2301.770481,-0.144859723746777,6,"818354",17.3
"Fiji","FJI",2005,5.179054856,"..",2308.158256,-0.0994721539318562,6,"821817",16.9
"Fiji","FJI",2006,13.28902221,"..",2335.125267,-0.212824342830572,-3,"827411",16.4
"Fiji","FJI",2007,9.994139496,"..",2295.241772,-0.37764768054088,-4,"834812",16
"Fiji","FJI",2008,8.6185908,"..",2295.895554,-0.488519045019833,-4,"843340",15.6
"Fiji","FJI",2009,1.947606687,"..",2243.620848,-0.728142666320006,-4,"851967",15.4
"Fiji","FJI",2010,6.182071594,"..",2217.539007,-0.726742503543695,-4,"859950",14.9
"Gabon","GAB",1996,-8.589392042,"32.754473553782",4635.646681,-0.359678404405713,-4,"1113994",64.8
"Gabon","GAB",1998,3.270480381,"16.2271208310524",4814.973206,-0.298441141843796,-4,"1171224",64.2
"Gabon","GAB",2000,-0.841116313,"40.2509661569359",4102.603134,-0.232598555584749,-4,"1231122",63.4
"Gabon","GAB",2002,0.790148954,"24.8929356212503",3999.933002,-0.235890095432599,-4,"1294409",61.9
"Gabon","GAB",2003,2.609245273,"24.0483162938322",4015.086321,-0.332438973089059,-4,"1328146",61.1
"Gabon","GAB",2004,4.451095621,"31.0524830035172",3988.342019,-0.500117982427279,-4,"1364205",60.1
"Gabon","GAB",2005,2.796472585,"38.2739126170236",4029.244182,-0.44898609817028,-4,"1403126",59.2
"Gabon","GAB",2006,2.805423649,"37.7865701686021",3999.621287,-0.621109788616498,-4,"1444844",58.3
"Gabon","GAB",2007,2.327608943,"35.8076218306893",4143.312899,-0.607309361298879,-4,"1489193",57
"Gabon","GAB",2008,1.438549169,"39.3395476875212",4161.609584,-0.619339682161808,-4,"1536411",56.1
"Gabon","GAB",2009,0.299880201,"23.0511305771239",4027.546278,-0.648626430581013,3,"1586754",55.2
"Gabon","GAB",2010,1.29086846,"31.4193026847041",4213.859513,-0.575354556242625,3,"1640210",54.4
"Ghana","GHA",1996,1.73271933,"0",241.7979034,-0.278225224465132,2,"17185608",69.5
"Ghana","GHA",1998,2.239758867,"0",251.4944566,-0.263688879708449,2,"18036494",67.1
"Ghana","GHA",2000,3.333005999,"0",259.7110113,-0.0796167220299443,2,"18938762",64
"Ghana","GHA",2002,0.956723038,"0.0151135044999419",268.9389346,-0.210476934444159,6,"19924522",61
"Ghana","GHA",2003,1.793652175,"0.0149194757811177",276.1078583,-0.0915138218551874,6,"20446782",59.4
"Ghana","GHA",2004,1.569792705,"0.0455229936142064",284.5427305,-0.166201036423445,8,"20986536",57.9
"Ghana","GHA",2005,1.352288444,"0.029955399045163",294.0913096,-0.0663184349735578,8,"21542009",56.6
"Ghana","GHA",2006,3.119482589,"0.0357493279267154",305.4221975,0.070299523572127,8,"22113425",55.1
"Ghana","GHA",2007,5.615260449,"0.0394108857428631",317.3945607,0.080073479252557,8,"22700212",53.8
"Ghana","GHA",2008,9.517032036,"0.0552040073008234",335.9900121,0.0564911623174945,8,"23298640",52.5
"Ghana","GHA",2009,5.481089469,"0.0221781558781626",341.1848683,0.101790862807926,8,"23903831",51.3
"Ghana","GHA",2010,7.855114969,"0.219346833729918",359.93199,0.105373624091347,8,"24512104",50
"Guinea-Bissau","GNB",1996,0.380890237,"..",211.5166878,-1.37164954344432,5,"1159060",113.4
"Guinea-Bissau","GNB",1998,2.134645515,"..",155.7675496,-1.46776447693507,0,"1199915",110
"Guinea-Bissau","GNB",2000,0.325947072,"..",173.6626946,-0.980032578110695,5,"1243229",106.6
"Guinea-Bissau","GNB",2002,1.748917602,"..",155.5288275,-0.968321412801743,5,"1293523",103.3
"Guinea-Bissau","GNB",2003,0.842870084,"..",151.579804,-1.03677446146806,-1,"1321202",101.8
"Guinea-Bissau","GNB",2004,0.330302892,"..",151.9337031,-1.02507417897383,-1,"1350345",100.4
"Guinea-Bissau","GNB",2005,1.517403295,"..",154.1061313,-0.95835217833519,6,"1380838",98.8
"Guinea-Bissau","GNB",2006,3.063790882,"..",154.2631682,-0.895708963274956,6,"1412669",97.3
"Guinea-Bissau","GNB",2007,2.717195529,"..",155.9948009,-0.944293409585953,6,"1445958",96
"Guinea-Bissau","GNB",2008,0.607289766,"..",157.7455097,-1.01675702134768,6,"1480841",94.5
"Guinea-Bissau","GNB",2009,2.090935404,"..",159.1472285,-1.04344555735588,6,"1517448",93.1
"Guinea-Bissau","GNB",2010,1.059232963,"..",161.2932891,-1.0323984225591,6,"1555880",92
"Greece","GRC",1996,0.766507827,"0.0233819989312213",10037.32849,0.693244869510333,10,"10608800",8.4
"Greece","GRC",1998,NA,"0.00237079697904693",10627.60307,0.803028682867686,10,"10720509",7.5
"Greece","GRC",2000,0.870773174,"0.0229485039082304",11396.23262,0.810872584581375,10,"10805808",6.6
"Greece","GRC",2002,0.036330977,"0.00994401148413807",12204.5999,0.784653082489967,10,"10902022",5.7
"Greece","GRC",2003,0.69053245,"0.00663490576529441",12887.77317,0.75694052875042,10,"10928070",5.3
"Greece","GRC",2004,0.923442449,"0.00749860532629968",13404.22954,0.77983436981837,10,"10955141",4.9
"Greece","GRC",2005,0.273941332,"0.00837090101000204",13657.70934,0.731858109434446,10,"10987314",4.6
"Greece","GRC",2006,2.060938706,"0.00842108981916839",14357.21926,0.71912261346976,10,"11020362",4.3
"Greece","GRC",2007,0.642413302,"0.00680616633017334",14728.85809,0.671383892496427,10,"11048473",4
"Greece","GRC",2008,1.554443532,"0.00672136781408996",14647.73865,0.594712752848864,10,"11077841",3.7
"Greece","GRC",2009,0.751813343,"0.00515219260492323",14114.23954,0.458647352953752,10,"11107017",3.5
"Greece","GRC",2010,0.143748104,"0.0118600042980919",13578.47025,0.408778492361307,10,"11121341",3.2
"Guyana","GUY",1996,8.363977242,"..",921.988811,-0.250711550315221,6,"761861",43
"Guyana","GUY",1998,6.132141832,"..",960.7321921,-0.0381538746878505,6,"757952",39.9
"Guyana","GUY",2000,9.415324815,"..",972.1278856,-0.221372075378895,6,"753301",37.3
"Guyana","GUY",2002,6.034928575,"..",997.7651037,-0.247508123517036,6,"751884",34.6
"Guyana","GUY",2003,3.517855204,"..",983.8503328,-0.242628678679466,6,"751857",33.1
"Guyana","GUY",2004,3.817188386,"..",1012.40708,-0.351175012687842,6,"751652",32
"Guyana","GUY",2005,9.310438944,"..",989.2804709,-0.477720220883687,6,"750946",30.8
"Guyana","GUY",2006,7.021157129,"..",1037.127543,-0.442662246525288,6,"749601",29.7
"Guyana","GUY",2007,8.756934383,"..",1107.351968,-0.361039371540149,6,"747869",28.4
"Guyana","GUY",2008,8.738177035,"..",1126.971645,-0.396358858793974,6,"746314",27.3
"Guyana","GUY",2009,10.26770263,"..",1162.152681,-0.420920898516973,6,"745693",26.2
"Guyana","GUY",2010,11.93119234,"..",1210.569558,-0.364168835803866,6,"746556",25.3
"Hungary","HUN",1996,7.160650798,"0.224103101921053",3896.872814,0.834000527858734,10,"10311238",11.4
"Hungary","HUN",1998,6.97161433,"0.030259497394368",4200.633731,0.908673524856567,10,"10266570",10.3
"Hungary","HUN",2000,5.972715411,"0.280707735673487",4542.72072,0.886054366827011,10,"10210971",9.3
"Hungary","HUN",2002,4.538145813,"0.1440830627703",4949.033726,1.01148887475332,10,"10158608",8.3
"Hungary","HUN",2003,2.606283802,"0.14886025287306",5154.335096,0.96349302927653,10,"10129552",7.9
"Hungary","HUN",2004,4.20089499,"0.158748407337589",5413.572662,0.95080029964447,10,"10107146",7.4
"Hungary","HUN",2005,6.912647509,"0.196230306369697",5639.394595,0.914907703797022,10,"10087065",7
"Hungary","HUN",2006,17.34801713,"0.21401612287026",5868.3017,0.938126981258392,10,"10071370",6.7
"Hungary","HUN",2007,52.05155004,"0.176565770327093",5884.140962,0.863062153259913,10,"10055780",6.3
"Hungary","HUN",2008,47.03311727,"0.208204968651365",5947.158309,0.829171607891719,10,"10038188",6
"Hungary","HUN",2009,3.671674422,"0.129349905326733",5551.426337,0.752893209457397,10,"10022650",5.7
"Hungary","HUN",2010,-29.22883782,"0.173980267284975",5633.99099,0.746610765655836,10,"10000023",5.4
"India","IND",1996,0.606837566,"1.00096831610427",387.7415214,-0.182263898352782,9,"978893217",69.8
"India","IND",1998,0.61450887,"0.512106699753118",413.2870519,-0.203975991656383,9,"1015974042",66.2
"India","IND",2000,0.755062255,"1.24813795159303",450.4151061,-0.164229977875948,9,"1053050912",62.7
"India","IND",2002,1.07613927,"0.955880919111228",475.4570581,-0.312412259013702,9,"1089807112",59.6
"India","IND",2003,0.699957839,"0.930208323261257",505.2489363,-0.322685491293669,9,"1108027848",58
"India","IND",2004,0.799808035,"1.07104433467616",536.60488,-0.27498562199374,9,"1126135777",56.4
"India","IND",2005,0.911804212,"1.25517427918361",577.6567348,-0.183559538175662,9,"1144118674",54.9
"India","IND",2006,2.142618037,"1.42290526720774",621.8994399,-0.157932775560766,9,"1161977719",53.5
"India","IND",2007,2.057208826,"1.22841803163771",673.0046262,-0.195664703845978,9,"1179681239",52.1
"India","IND",2008,3.545984599,"1.61016825526843",689.2732044,-0.218307756818831,9,"1197146906",50.8
"India","IND",2009,2.61530981,"0.754488464177443",735.6318488,-0.27609057771042,9,"1214270132",49.5
"India","IND",2010,1.434354957,"0.913376338831758",794.8012111,-0.310981552194183,9,"1230980691",48.2
"Iran, Islamic Rep.","IRN",1996,0.023513784,"17.9766322342013",1462.978412,-0.804035479823748,-6,"61583089",39.1
"Iran, Islamic Rep.","IRN",1998,0.023377711,"9.77357323824612",1496.909816,-0.858598987261454,3,"63900630",37.9
"Iran, Islamic Rep.","IRN",2000,0.038504632,"30.2405383504551",1550.090608,-0.798240885138512,3,"66131854",35.2
"Iran, Islamic Rep.","IRN",2002,3.141247914,"19.9717039157451",1679.664398,-0.772944495081902,3,"67983330",31.7
"Iran, Islamic Rep.","IRN",2003,1.99237231,"21.8673426244217",1776.728493,-0.788685744007429,3,"68812713",30.3
"Iran, Islamic Rep.","IRN",2004,1.75424126,"24.7268276055521",1844.520572,-0.767537653446198,-6,"69617100",28.7
"Iran, Islamic Rep.","IRN",2005,1.632990118,"31.1393035633881",1906.590054,-0.851026097933451,-6,"70421811",27.4
"Iran, Islamic Rep.","IRN",2006,0.738767076,"32.0242538095509",1994.647193,-0.986584385236104,-6,"71227880",26.1
"Iran, Islamic Rep.","IRN",2007,0.583649606,"26.7105154676532",2125.030252,-0.995309183994929,-6,"72031103",25
"Iran, Islamic Rep.","IRN",2008,0.477678805,"30.1711862967545",2148.230421,-1.03432960311572,-6,"72845542",23.9
"Iran, Islamic Rep.","IRN",2009,0.911161502,"16.9629205620264",2161.54651,-1.15559113025665,-7,"73687565",22.8
"Iran, Islamic Rep.","IRN",2010,NA,"20.2060430728411",NA,-1.17504438757896,-7,"74567511",21.8
"Iraq","IRQ",1996,NA,"..",NA,-1.80649719635646,-9,"20845893",35.5
"Iraq","IRQ",1998,0.067916546,"..",945.9076309,-1.72231884797414,-9,"22190250",35.1
"Iraq","IRQ",2000,-0.012143663,"..",1063.481473,-1.77154642343521,-9,"23565413",34.4
"Iraq","IRQ",2002,-0.008381836,"..",870.5504153,-1.71737835804621,-9,"24939299",33.9
"Iraq","IRQ",2003,NA,"..",498.2245661,-1.66651397943497,NA,"25627626",33.6
"Iraq","IRQ",2004,1.164818472,"63.2505843281866",711.632637,-1.91941984494527,NA,"26316609",33.3
"Iraq","IRQ",2005,1.645434085,"64.3070502476404",688.9666732,-1.75168623526891,NA,"27008426",32.9
"Iraq","IRQ",2006,0.849599348,"61.5057894710875",710.2087191,-1.78028496106466,NA,"27697912",32.7
"Iraq","IRQ",2007,1.705213945,"50.4827932459081",699.7055596,-1.74633234739304,NA,"28390433",32.2
"Iraq","IRQ",2008,2.144572433,"51.3292247040161",743.6913386,-1.58814326922099,NA,"29111417",32.1
"Iraq","IRQ",2009,2.259800588,"36.2556616193899",752.1833548,-1.43827269474665,NA,"29894652",31.9
"Iraq","IRQ",2010,1.758547154,"40.8265315860986",736.2721224,-1.42646249135335,3,"30762701",31.4
"Israel","ISR",1996,1.329304108,"0.000714347794389084",18054.29086,0.710512648026148,9,"5692000",6.7
"Israel","ISR",1998,1.582050857,"0.000346878862548111",18523.47738,0.684713353713354,9,"5971000",6.1
"Israel","ISR",2000,6.443404666,"0.000536588343879004",19859.30215,0.658255139986674,10,"6289000",5.6
"Israel","ISR",2002,1.400760112,"0.000510052353010173",18858.29173,0.570212582747141,10,"6570000",5.1
"Israel","ISR",2003,2.799282117,"0.000476450063796585",18800.92652,0.493468145529429,10,"6689700",4.9
"Israel","ISR",2004,2.328255255,"0.000507922025884573",19366.33583,0.520837694406509,10,"6809000",4.6
"Israel","ISR",2005,3.596921398,"0.000692243230603662",19967.98088,0.478656669457753,10,"6930100",4.4
"Israel","ISR",2006,10.51384527,"0.00064049434964607",20715.56805,0.605569134155909,10,"7053700",4.2
"Israel","ISR",2007,5.264798665,"0.000156118640282417",21469.53451,0.574389030536016,10,"7180100",4.1
"Israel","ISR",2008,5.392249842,"0.00034466489898476",21941.10572,0.578276743491491,10,"7308800",3.9
"Israel","ISR",2009,2.277509534,"0.000201585215662534",21602.21001,0.439563622077306,10,"7485600",3.7
"Israel","ISR",2010,2.369443815,"0.000242650244292535",22239.05126,0.517753124237061,10,"7623600",3.6
"Italy","ITA",1996,0.280007069,"0.0292927454512843",17866.89937,0.856532985965411,10,"56860281",5.9
"Italy","ITA",1998,0.21514366,"0.00516804316824336",18448.79289,0.845780491828918,10,"56906744",5.3
"Italy","ITA",2000,1.193504563,"0.0465391823382496",19388.27875,0.850055009126663,10,"56942108",4.8
"Italy","ITA",2002,1.199758154,"0.0405163709074161",19763.83911,0.781201163927714,10,"57059007",4.3
"Italy","ITA",2003,1.09196128,"0.0396181164827339",19601.25524,0.734123071034749,10,"57313203",4.1
"Italy","ITA",2004,0.96749769,"0.046279090384368",19744.88756,0.709713419278463,10,"57685327",3.9
"Italy","ITA",2005,1.099316642,"0.0768723690145049",19781.95853,0.619619930783908,10,"57969484",3.8
"Italy","ITA",2006,2.082614501,"0.0823510022308636",20102.23023,0.595929697155952,10,"58143979",3.6
"Italy","ITA",2007,1.882439765,"0.0779203348430918",20291.22664,0.55283726255099,10,"58438310",3.5
"Italy","ITA",2008,-0.41123332,"0.0881686275260491",19903.45694,0.563571132719517,10,"58826731",3.3
"Italy","ITA",2009,0.784955596,"0.0442628767450202",18697.21979,0.521936230361462,10,"59095365",3.2
"Italy","ITA",2010,0.46943466,"0.0738033935618876",18943.12077,0.517261754721403,10,"59277417",3.1
"Jamaica","JAM",1996,2.814332477,"0",3646.808236,0.0715396578113238,9,"2561993",27.4
"Jamaica","JAM",1998,4.222071877,"0",3456.523829,0.0925917501250903,9,"2611367",26.3
"Jamaica","JAM",2000,5.198348851,"0",3479.056754,0.039331105692933,9,"2656864",25.2
"Jamaica","JAM",2002,4.971636597,"0",3521.834792,-0.116150026520093,9,"2695446",24.2
"Jamaica","JAM",2003,7.667883651,"0",3687.514675,-0.117487090329329,9,"2712511",23.6
"Jamaica","JAM",2004,5.935896961,"0",3721.299463,-0.0645456934968631,9,"2728777",23.1
"Jamaica","JAM",2005,6.041037412,"0",3742.167536,-0.103997010116776,9,"2744673",22.5
"Jamaica","JAM",2006,7.176474434,"0",3843.499885,0.0011667807896932,9,"2760279",22.2
"Jamaica","JAM",2007,6.54324549,"0",3848.209243,0.00903353343407313,9,"2775467",21.7
"Jamaica","JAM",2008,10.70417708,"0",3766.741828,-0.0107228358586629,9,"2790122",19.4
"Jamaica","JAM",2009,4.34759069,"0",3657.373845,-0.0407269199689229,9,"2804082",20.7
"Jamaica","JAM",2010,1.641237017,"0",3626.416029,-0.0586936970551809,9,"2817210",20.2
"Jordan","JOR",1996,0.223927691,"0.00321850963024146",1706.167718,-0.0172027877221505,-2,"4716373",27.5
"Jordan","JOR",1998,3.917228597,"0.0014104248630006",1708.133111,0.0580592287393908,-2,"4927912",26.1
"Jordan","JOR",2000,10.79004803,"0.00402851525723999",1764.229892,0.0408824775367975,-2,"5103130",24.6
"Jordan","JOR",2002,2.485570787,"0.00147451590260641",1870.859069,-0.193300561668972,-2,"5287488",23.2
"Jordan","JOR",2003,5.363606968,"0.00165400721913205",1901.469356,0.0522023402154446,-2,"5396774",22.6
"Jordan","JOR",2004,8.209450093,"0.00198739367968598",2015.048627,0.0747488712271055,-2,"5535595",21.9
"Jordan","JOR",2005,15.76406328,"0.00270465094563035",2129.780417,0.0454993468398849,-2,"5714111",21.3
"Jordan","JOR",2006,23.53736087,"0.00271197755055537",2250.274213,-0.0355889499187469,-2,"5934232",20.7
"Jordan","JOR",2007,15.32467153,"0.00256755526914228",2380.50934,0.0477242569128672,-3,"6193191",20.1
"Jordan","JOR",2008,12.86530899,"0.00541663992631773",2497.539317,0.0599876840909322,-3,"6489822",19.5
"Jordan","JOR",2009,10.18731481,"0.00144698590145753",2577.480413,-0.0190133129556974,-3,"6821116",18.9
"Jordan","JOR",2010,6.438539357,"0.00181456436697681",2579.382449,-0.0859621843943993,-3,"7182390",18.4
"Japan","JPN",1996,0.004412096,"0.00105614754722127",37026.22945,1.03921035925547,10,"125757000",3.9
"Japan","JPN",1998,0.083485575,"0.000467397247294325",36674.24535,1.01312042276065,10,"126400000",3.6
"Japan","JPN",2000,0.173892497,"0.00101291415153668",37291.70616,1.06203521291415,10,"126843000",3.3
"Japan","JPN",2002,0.228275649,"0.000678354261513085",37363.28744,0.941315626104673,10,"127445000",3.1
"Japan","JPN",2003,0.144976475,"0.000854805158781575",37911.68993,1.10934871435165,10,"127718000",2.9
"Japan","JPN",2004,0.167682716,"0.00108016933045609",38793.6216,1.17590011159579,10,"127761000",2.9
"Japan","JPN",2005,0.070291237,"0.0018328554755384",39295.3062,1.17925534645716,10,"127773000",2.8
"Japan","JPN",2006,-0.155702371,"0.00200351779142715",39965.85551,1.25154627362887,10,"127854000",2.7
"Japan","JPN",2007,0.509145787,"0.00208010585915754",40837.26664,1.17696647842725,10,"128001000",2.6
"Japan","JPN",2008,0.506305598,"0.00268078687927684",40433.00131,1.15958251555761,10,"128063000",2.5
"Japan","JPN",2009,0.235028618,"0.00111410722261051",38242.02429,1.16307709614436,10,"128047000",2.4
"Japan","JPN",2010,-0.024759531,"0.00157224632629361",39971.78745,1.19173046946526,10,"128070000",2.4
"Kenya","KEN",1996,0.902161732,"0",421.4768912,-0.676777690649033,-5,"28147734",72.6
"Kenya","KEN",1998,0.188375901,"0",415.24677,-0.793406416972478,-2,"29769803",71.8
"Kenya","KEN",2000,0.873864259,"0",406.0728332,-0.760761603713036,-2,"31450483",68.6
"Kenya","KEN",2002,0.210037979,"0",402.1829125,-0.787243430813154,8,"33214009",65.5
"Kenya","KEN",2003,0.548445031,"0",403.2318095,-0.685990894834201,8,"34130852",64.2
"Kenya","KEN",2004,0.286180527,"0",412.8605312,-0.613184551397959,8,"35074931",62.8
"Kenya","KEN",2005,0.113201906,"0",426.0451184,-0.718847339351972,8,"36048288",61.4
"Kenya","KEN",2006,0.225180123,"0",441.5317718,-0.641805954277515,8,"37052050",60
"Kenya","KEN",2007,2.676693866,"0",460.5087935,-0.710461306075255,7,"38085909",58.8
"Kenya","KEN",2008,0.313198871,"0",455.7498881,-0.747707669933637,7,"39148416",57.3
"Kenya","KEN",2009,0.380170733,"0",455.8687532,-0.767852534850438,7,"40237204",56.3
"Kenya","KEN",2010,0.577030615,"0",468.6997225,-0.669753859440486,8,"41350152",55.1
"Lao PDR","LAO",1996,8.528709494,"..",279.6257584,-0.644435187180837,-7,"4957180",76.9
"Lao PDR","LAO",1998,3.53857084,"..",297.7823269,-0.694437841574351,-7,"5150763",70.4
"Lao PDR","LAO",2000,1.9576039,"..",325.5930951,-0.980133344729741,-7,"5329304",64.4
"Lao PDR","LAO",2002,0.253176893,"..",352.7798199,-1.0700991153717,-7,"5497273",59.5
"Lao PDR","LAO",2003,0.962969691,"..",368.4631248,-1.30451401074727,-7,"5579656",57.1
"Lao PDR","LAO",2004,0.714895049,"..",386.0090906,-1.11097812652588,-7,"5664605",54.7
"Lao PDR","LAO",2005,1.013324494,"..",407.2442907,-1.18879135946433,-7,"5754026",52.2
"Lao PDR","LAO",2006,5.424740562,"..",435.6645778,-1.04756731415788,-7,"5849356",50.3
"Lao PDR","LAO",2007,7.661003386,"..",461.6632892,-1.0141483694315,-7,"5949787",48.2
"Lao PDR","LAO",2008,4.183925855,"..",490.2975328,-0.940820439408223,-7,"6052190",46.4
"Lao PDR","LAO",2009,5.462105332,"..",519.3051858,-0.991932059327761,-7,"6152036",44.3
"Lao PDR","LAO",2010,3.882311325,"..",555.5194618,-0.966889977455139,-7,"6246274",42.1
"Liberia","LBR",1996,-82.89209536,"..",58.08325524,-1.97707831859589,0,"2191179",135.9
"Liberia","LBR",1998,52.92269163,"..",134.7861036,-1.79932566483816,0,"2551062",125.4
"Liberia","LBR",2000,3.931466623,"..",185.8134039,-1.70637444655101,0,"2884522",115.1
"Liberia","LBR",2002,0.52238806,"..",284.3651072,-1.68223371108373,0,"3062863",105.9
"Liberia","LBR",2003,91.00733496,"..",188.403082,-1.63636898994446,1,"3116233",101
"Liberia","LBR",2004,16.13527444,"..",175.5789178,-1.53315993150075,3,"3176414",96.4
"Liberia","LBR",2005,15.27714233,"..",186.8011516,-1.17114148537318,5,"3261230",92.1
"Liberia","LBR",2006,17.85706482,"..",196.95089,-0.914445608854294,6,"3375838",88.3
"Liberia","LBR",2007,17.81294474,"..",217.1364581,-0.869251002868017,6,"3512932",84.3
"Liberia","LBR",2008,46.37781561,"..",228.1141227,-0.997098512947559,6,"3662993",80.6
"Liberia","LBR",2009,24.77009163,"..",245.9791204,-0.89044954876105,6,"3811528",77.6
"Liberia","LBR",2010,45.78827084,"..",260.5461722,-0.749480001628399,6,"3948125",73.6
"Macao SAR, China","MAC",1996,0.089612687,"..",15361.73198,0.325263137618701,6,"393567",NA
"Macao SAR, China","MAC",1998,-0.289179185,"..",14169.15475,0.329812116920948,6,"409837",NA
"Macao SAR, China","MAC",2000,-0.01294701,"..",14128.87518,0.392036080360413,6,"427979",NA
"Macao SAR, China","MAC",2002,5.915786694,"..",15212.8881,0.498277040819327,9,"448896",NA
"Macao SAR, China","MAC",2003,6.518745548,"..",16755.03051,1.03265159328779,9,"460147",NA
"Macao SAR, China","MAC",2004,7.483701674,"..",20776.99739,1.14764803275466,9,"471453",NA
"Macao SAR, China","MAC",2005,14.98269228,"..",22024.05015,0.888978347182274,9,"482559",NA
"Macao SAR, China","MAC",2006,18.14230695,"..",24595.65317,0.72569240629673,9,"493320",NA
"Macao SAR, China","MAC",2007,27.88081529,"..",27440.57214,0.539808951318264,9,"503823",NA
"Macao SAR, China","MAC",2008,14.78314671,"..",27656.90664,0.509272590900461,9,"514348",NA
"Macao SAR, China","MAC",2009,0.825416127,"..",27459.57241,0.803854410847028,9,"525313",NA
"Macao SAR, China","MAC",2010,12.33402298,"..",34083.96421,0.822214365005493,9,"536969",NA
"Mexico","MEX",1996,2.759192606,"3.23773527471923",4994.343301,-0.28929374491175,4,"95687452",29.6
"Mexico","MEX",1998,3.028565108,"0.989545049400784",5413.091187,-0.145655766129494,6,"98821456",26.8
"Mexico","MEX",2000,3.114754971,"3.05812480123876",5816.614481,-0.0137570624550184,8,"101719673",24.1
"Mexico","MEX",2002,3.687137025,"2.2747593173769",5702.903705,0.055243119597435,8,"104355608",21.7
"Mexico","MEX",2003,2.649356814,"3.04402969252392",5709.419562,0.0240293145179749,8,"105640453",20.5
"Mexico","MEX",2004,3.266817322,"3.85324694115068",5868.919741,-0.0101348720490932,8,"106995583",19.5
"Mexico","MEX",2005,2.871010564,"5.17453961805956",5982.653839,-0.110494150469701,8,"108472228",18.5
"Mexico","MEX",2006,2.10090706,"5.31295293043136",6211.927234,-0.10851443807284,8,"110092378",17.5
"Mexico","MEX",2007,3.022732835,"4.71484282618384",6333.082389,-0.137666958073775,8,"111836346",16.6
"Mexico","MEX",2008,2.456738317,"5.59724184529389",6327.013175,-0.174829971045256,8,"113661809",15.7
"Mexico","MEX",2009,1.808681401,"2.99643522892192",5857.710842,-0.180796419580777,8,"115505228",14.9
"Mexico","MEX",2010,1.950786802,"3.79594351086605",6105.278213,-0.199523612856865,8,"117318941",14.1
"Mali","MLI",1996,1.710247061,"..",192.4900901,-0.410392537713051,7,"9856810",120
"Mali","MLI",1998,0.341512556,"..",206.2589562,-0.36270969423155,6,"10380835",116.5
"Mali","MLI",2000,3.403119834,"..",214.4665918,-0.32815710020562,6,"10967690",113.4
"Mali","MLI",2002,7.293393538,"..",235.6609022,-0.235865101218224,7,"11638929",110.4
"Mali","MLI",2003,3.0318056,"..",245.4620828,-0.189550533269842,7,"12005128",108.9
"Mali","MLI",2004,2.072188849,"..",243.1253151,-0.182792077461878,7,"12391906",107.5
"Mali","MLI",2005,3.546221758,"..",249.9919308,-0.186478597422441,7,"12798763",106.1
"Mali","MLI",2006,0.811847877,"..",255.1821602,-0.201373815536499,7,"13227064",104.7
"Mali","MLI",2007,0.752297021,"..",258.0305073,-0.205209011832873,7,"13675606",103.4
"Mali","MLI",2008,1.506941598,"..",262.7028131,-0.283717850844065,7,"14138216",101.9
"Mali","MLI",2009,8.014311153,"..",266.2421489,-0.384874162574609,7,"14606597",100.6
"Mali","MLI",2010,1.566941574,"..",273.2537959,-0.431585495670636,7,"15075085",99.2
"Namibia","NAM",1996,3.685963484,"0",1995.28225,0.506312772631645,6,"1706489",46.9
"Namibia","NAM",1998,2.831443845,"0",2026.842043,0.304342110951742,6,"1810566",47.8
"Namibia","NAM",2000,3.041131753,"0",2061.620971,0.187257153292497,6,"1899257",48.7
"Namibia","NAM",2002,NA,"0",2099.894122,0.187778397152821,6,"1962147",48.3
"Namibia","NAM",2003,0.674005619,"0",2150.84065,0.237221598625183,6,"1986535",47.5
"Namibia","NAM",2004,1.335243614,"0",2373.428467,0.21162373945117,6,"2009228",45.9
"Namibia","NAM",2005,2.287573386,"0",2390.598795,0.185528835902611,6,"2032196",38.6
"Namibia","NAM",2006,-0.387047151,"0",2512.927204,0.305208431556821,6,"2055734",36.3
"Namibia","NAM",2007,1.929730337,"0",2598.512655,0.3302490869537,6,"2079915",34.7
"Namibia","NAM",2008,4.626817864,"0",2635.61212,0.486051065226396,6,"2106375",33
"Namibia","NAM",2009,5.48903708,"0",2575.443906,0.306488330165545,6,"2137040",31.6
"Namibia","NAM",2010,7.148465734,"0",2695.878327,0.303378906100988,6,"2173170",29.3
"Nicaragua","NIC",1996,3.613877117,"0",692.1979794,-0.473797654733062,8,"4700779",40.2
"Nicaragua","NIC",1998,6.107776111,"0",719.2095736,-0.466559810253481,8,"4869626",37.1
"Nicaragua","NIC",2000,6.770269459,"0",775.8292201,-0.497505784034729,8,"5026796",34.4
"Nicaragua","NIC",2002,5.0640665,"0",782.3070795,-0.428153359641631,8,"5171734",31.5
"Nicaragua","NIC",2003,4.907228341,"0",791.6301506,-0.422572529564301,8,"5240879",30.4
"Nicaragua","NIC",2004,5.596889071,"0",823.1396804,-0.42127513854454,8,"5309703",29.2
"Nicaragua","NIC",2005,4.947726687,"0",847.5789341,-0.496591938038667,8,"5379328",28.1
"Nicaragua","NIC",2006,5.48339375,"0",871.6541092,-0.526811212301254,8,"5450211",26.8
"Nicaragua","NIC",2007,6.741370036,"0",892.0216019,-0.532275429616372,9,"5522106",25.7
"Nicaragua","NIC",2008,9.825422031,"0",904.9357503,-0.568122369547685,9,"5594506",24.6
"Nicaragua","NIC",2009,6.987810378,"0",879.9829579,-0.638273626565933,9,"5666581",23.7
"Nicaragua","NIC",2010,7.707954903,"0",907.0311337,-0.671845987439156,9,"5737723",22.6
"Norway","NOR",1996,1.984928093,"6.48286125058122",33691.88676,1.78799623250961,10,"4381336",4.4
"Norway","NOR",1998,2.880695073,"1.09214415213642",36048.93156,1.77549324433009,10,"4431464",4.1
"Norway","NOR",2000,4.136760229,"10.5637840781979",37472.67167,1.65091503659884,10,"4490967",3.8
"Norway","NOR",2002,0.342293684,"7.13586909152281",38389.08411,1.71635671456655,10,"4538159",3.6
"Norway","NOR",2003,1.578510265,"7.08160587036391",38539.90181,1.65287389357885,10,"4564855",3.4
"Norway","NOR",2004,0.978343075,"8.2810515919459",39830.41204,1.74307155609131,10,"4591910",3.3
"Norway","NOR",2005,1.759440919,"9.8214073893474",40584.24403,1.68713889519374,10,"4623291",3.2
"Norway","NOR",2006,2.122668225,"9.67573725729883",41245.80863,1.68840020895004,10,"4660677",3.1
"Norway","NOR",2007,1.660380392,"7.99682000098976",41904.21021,1.6670777797699,10,"4709153",3
"Norway","NOR",2008,1.65502519,"9.16613892569635",41399.70903,1.66427940130234,10,"4768212",3
"Norway","NOR",2009,4.00268623,"5.39046415183157",40199.34622,1.64288626114527,10,"4828726",2.9
"Norway","NOR",2010,2.811940715,"6.37668888314792",39970.29253,1.69560996691386,10,"4889252",2.8
"Pakistan","PAK",1996,1.456054495,"0.548936494114521",505.2459234,-0.798522442579269,8,"125938339",86.9
"Pakistan","PAK",1998,0.813610046,"0.289697409499122",496.5318923,-0.758312831322352,7,"132253264",82.4
"Pakistan","PAK",2000,0.416484258,"0.702689829415199",511.7025555,-0.915740768114726,-6,"138523285",79.5
"Pakistan","PAK",2002,1.138205214,"0.660652737005066",517.5966508,-0.95509905119737,-5,"144654143",77.7
"Pakistan","PAK",2003,0.641481502,"0.629450410075873",532.9973575,-0.917979091405869,-5,"147703401",76.6
"Pakistan","PAK",2004,1.141075209,"0.752260918841924",562.283992,-0.999431118369102,-5,"150780300",75.7
"Pakistan","PAK",2005,2.008211679,"0.955220973464334",594.766855,-0.966719696919123,-5,"153909667",74.7
"Pakistan","PAK",2006,3.351372549,"0.957260243727537",620.2956378,-0.895391921202342,-5,"157093993",73.8
"Pakistan","PAK",2007,3.904417004,"0.976275696101909",643.8585182,-0.990412165721258,2,"160332974",72.7
"Pakistan","PAK",2008,3.318044944,"1.082715030361",642.4275373,-1.07456009586652,5,"163644603",71.9
"Pakistan","PAK",2009,1.444823876,"0.56167521729512",653.6111759,-1.13638771573703,5,"167049580",70.7
"Pakistan","PAK",2010,1.140953757,"0.73117377876177",668.546468,-1.12902657190959,6,"170560182",69.7
"Panama","PAN",1996,4.457150213,"0",3487.450297,-0.000566163255522648,9,"2796344",22.9
"Panama","PAN",1998,11.0048022,"0",3828.978102,0.263798122604688,9,"2912328",21.9
"Panama","PAN",2000,5.368960028,"0",3930.98941,0.157865492006143,9,"3030347",21
"Panama","PAN",2002,0.803428832,"0",3892.880356,0.140610722592101,9,"3149265",20.2
"Panama","PAN",2003,6.320941453,"0",3983.350796,0.0519060075360661,9,"3209174",19.8
"Panama","PAN",2004,7.187237734,"0",4207.060947,0.0792631010214488,9,"3269541",19.5
"Panama","PAN",2005,5.933513098,"0",4431.128087,0.00896952301263809,9,"3330465",19
"Panama","PAN",2006,14.92151485,"0",4726.880151,0.0617047746976217,9,"3391905",18.7
"Panama","PAN",2007,8.975096161,"0",5210.719076,0.0835277657024562,9,"3453807",18.3
"Panama","PAN",2008,9.548031441,"0",5643.895786,0.142650995403528,9,"3516268",17.9
"Panama","PAN",2009,5.229629445,"0",5731.028827,0.121319642911355,9,"3579385",17.5
"Panama","PAN",2010,8.776529198,"0",6109.584946,0.0920429384956757,9,"3643222",17.2
"Peru","PER",1996,6.212224773,"0.94260421330197",1992.578021,-0.307943434764942,1,"24441074",40.8
"Peru","PER",1998,2.89674091,"0.320837731931226",2045.292819,-0.19378865758578,1,"25199748",35.7
"Peru","PER",2000,1.519404822,"1.24046050123626",2060.576257,-0.371397767215967,5,"25914879",31
"Peru","PER",2002,3.797336625,"0.867769128595759",2110.139623,-0.341009677698215,9,"26601467",27
"Peru","PER",2003,2.176166811,"0.917066961014983",2167.734164,-0.350231756766637,9,"26937738",25
"Peru","PER",2004,2.293349818,"1.05916254536436",2248.410429,-0.371057908982038,9,"27273194",23.4
"Peru","PER",2005,3.248368055,"1.5344788299028",2374.297077,-0.419582061469555,9,"27610410",21.7
"Peru","PER",2006,3.755566609,"1.62156212975015",2529.840728,-0.374897597978512,9,"27949944",20.1
"Peru","PER",2007,5.120574802,"1.4238598798188",2725.82358,-0.330223037550847,9,"28292724",18.7
"Peru","PER",2008,5.459313769,"1.71645998554027",2961.787982,-0.295458206286033,9,"28641980",17.4
"Peru","PER",2009,4.393206767,"0.869931894554092",2955.186222,-0.338532543741167,9,"29001507",16.1
"Peru","PER",2010,4.762222431,"1.13165551460839",3181.498253,-0.238848486294349,9,"29373646",14.9
"Papua New Guinea","PNG",1996,2.158749445,"9.85424433252832",792.0837156,-0.410756718367338,4,"5022437",59.1
"Papua New Guinea","PNG",1998,2.892943602,"4.57879777464852",694.6610932,-0.468989466627439,4,"5291178",57.1
"Papua New Guinea","PNG",2000,2.724273204,"14.8098247089813",654.6687817,-0.501554010435939,4,"5572222",55.4
"Papua New Guinea","PNG",2002,0.609386617,"10.0593886168166",620.410249,-0.63291509822011,4,"5862316",53.5
"Papua New Guinea","PNG",2003,3.327248212,"9.05071290771452",618.208302,-0.709455863883098,4,"6010724",52.6
"Papua New Guinea","PNG",2004,0.776750655,"10.3259950259946",619.5391243,-0.732958902915319,4,"6161517",51.9
"Papua New Guinea","PNG",2005,0.783322319,"11.1936755148867",626.3082483,-0.887326384584109,4,"6314709",51.1
"Papua New Guinea","PNG",2006,0.229640011,"12.7333530539327",627.1163523,-0.766379747539759,4,"6470272",50.1
"Papua New Guinea","PNG",2007,1.616001889,"10.7731181670379",656.3571364,-0.672381858030955,4,"6627922",49.2
"Papua New Guinea","PNG",2008,-0.380512796,"10.9477000803789",683.9764815,-0.689659579346577,4,"6787187",48.5
"Papua New Guinea","PNG",2009,5.347649631,"4.70348755902276",705.0075736,-0.720656935125589,4,"6947447",47.7
"Papua New Guinea","PNG",2010,0.305286786,"5.66445325003662",744.2105476,-0.690222462018331,4,"7108239",46.9
"Poland","POL",1996,2.870744397,"0.0113136767829165",3619.549273,0.737068017323812,9,"38624370",11.3
"Poland","POL",1998,3.681285967,"0.00241217344914875",4065.014617,0.72408131758372,9,"38663481",9.6
"Poland","POL",2000,5.454934457,"0.0430820939359699",4454.08022,0.600602850317955,9,"38258629",8.3
"Poland","POL",2002,2.084474711,"0.0309442925615636",4599.555503,0.643973583976428,10,"38230364",7.4
"Poland","POL",2003,2.116688741,"0.0374734757724794",4780.653149,0.613532478610675,10,"38204570",7
"Poland","POL",2004,5.030680214,"0.050078413759947",5039.11715,0.497131481766701,10,"38182222",6.8
"Poland","POL",2005,3.392097577,"0.0604043085078517",5223.679776,0.541453018784523,10,"38165445",6.5
"Poland","POL",2006,5.81731006,"0.070620017422454",5552.50127,0.469775013625622,10,"38141267",6.2
"Poland","POL",2007,5.560734616,"0.0484269350940646",5932.47441,0.539388559758663,10,"38120560",5.9
"Poland","POL",2008,2.829237278,"0.0569677897554519",6235.755172,0.657578726609548,10,"38125759",5.7
"Poland","POL",2009,3.022198815,"0.030060273179477",6332.960478,0.749820098280907,10,"38151603",5.4
"Poland","POL",2010,1.937921004,"0.0428529693953669",6574.296118,0.807486981153488,10,"38042794",5.2
"Korea, Dem. Rep.","PRK",1996,NA,"..",NA,-1.58026376366615,-9,"22113548",48.1
"Korea, Dem. Rep.","PRK",1998,NA,"..",NA,-1.60783004760742,-9,"22537336",49.2
"Korea, Dem. Rep.","PRK",2000,NA,"..",NA,-1.51508134355148,-9,"22929075",41.8
"Korea, Dem. Rep.","PRK",2002,NA,"..",NA,-1.33599011103312,-9,"23336681",32.1
"Korea, Dem. Rep.","PRK",2003,NA,"..",NA,-1.46029564986626,-9,"23538540",28.7
"Korea, Dem. Rep.","PRK",2004,NA,"..",NA,-1.44609238021076,-9,"23729498",26.6
"Korea, Dem. Rep.","PRK",2005,NA,"..",NA,-1.46129840115706,-9,"23904167",25.8
"Korea, Dem. Rep.","PRK",2006,NA,"..",NA,-1.54771525412798,-9,"24061097",26
"Korea, Dem. Rep.","PRK",2007,NA,"..",NA,-1.53024610877037,-9,"24203289",26.2
"Korea, Dem. Rep.","PRK",2008,NA,"..",NA,-1.52933921913306,-9,"24335146",26.4
"Korea, Dem. Rep.","PRK",2009,NA,"..",NA,-1.53405753647288,-9,"24463021",26.4
"Korea, Dem. Rep.","PRK",2010,NA,"..",NA,-1.60213830073675,-9,"24591599",26.3
"Qatar","QAT",1996,3.740559419,"23.5261064331177",NA,0.0224059907098611,-10,"522304",12.7
"Qatar","QAT",1998,3.386477287,"16.4744276481103",NA,0.272615376859903,-10,"550430",11.5
"Qatar","QAT",2000,1.416675473,"30.3636878691947",30052.7612,0.36983855565389,-10,"592267",10.5
"Qatar","QAT",2002,3.222105535,"24.9747439966191",31497.58565,0.386333227157593,-10,"645659",9.6
"Qatar","QAT",2003,2.655415834,"23.8158812705224",31134.03018,0.359896096090476,-10,"688586",9.2
"Qatar","QAT",2004,3.78519222,"27.054103568705",34380.19284,0.385291909178098,-10,"758855",8.7
"Qatar","QAT",2005,5.808535523,"29.2152530659314",32224.00693,0.453599298993746,-10,"864863",8.4
"Qatar","QAT",2006,5.785439388,"27.3496828422379",32070.9591,0.402248938878377,-10,"1010382",8
"Qatar","QAT",2007,5.908458438,"21.8256685302275",31424.32229,0.328062357380986,-10,"1189633",7.6
"Qatar","QAT",2008,3.285197099,"21.8130023817884",31214.35526,0.562884916861852,-10,"1389342",7.3
"Qatar","QAT",2009,8.325931254,"12.9172681724516",30546.64881,0.746691683928172,-10,"1590780",7
"Qatar","QAT",2010,4.346461394,"14.0494620577367",32356.40757,0.660987615585327,-10,"1779676",6.7
"Russian Federation","RUS",1996,0.658376093,"5.57546886400765",1564.115268,-0.716270004709562,3,"148160042",20.8
"Russian Federation","RUS",1998,1.019091432,"1.34263197537884",1510.542696,-0.816515083114306,3,"147670692",19.7
"Russian Federation","RUS",2000,1.045106355,"14.254785575253",1775.141291,-0.80656328300635,6,"146596557",18.2
"Russian Federation","RUS",2002,1.002905566,"9.7008001944997",1967.518602,-0.603717093666395,6,"145306046",16.2
"Russian Federation","RUS",2003,1.849230028,"10.3026937486101",2121.289033,-0.677509953578313,6,"144648257",15.2
"Russian Federation","RUS",2004,2.61318691,"11.1716268622481",2285.363231,-0.685446503261725,6,"144067054",14.2
"Russian Federation","RUS",2005,1.686622029,"13.5524144823992",2442.962966,-0.706245772540569,6,"143518523",13.2
"Russian Federation","RUS",2006,3.000354654,"12.7266167069131",2654.200194,-0.77163802087307,6,"143049528",12.2
"Russian Federation","RUS",2007,4.237358892,"10.4449489442473",2888.847355,-0.757540086905162,4,"142805088",11.4
"Russian Federation","RUS",2008,4.515915292,"11.2198345070262",3043.665599,-0.746187726656596,4,"142742350",10.6
"Russian Federation","RUS",2009,2.985292659,"8.12209577990561",2806.072551,-0.755738457043966,4,"142785342",9.8
"Russian Federation","RUS",2010,2.910066843,"9.52957483669086",2926.527446,-0.746352319916089,4,"142849449",9.1
"Rwanda","RWA",1996,0.160470608,"..",207.3997942,-1.4516959687074,-6,"6115168",118.8
"Rwanda","RWA",1998,0.356358437,"..",214.8330775,-1.30835489432017,-6,"7059813",117.8
"Rwanda","RWA",2000,0.479505353,"..",214.2316124,-1.1718903084596,-4,"8025703",105.7
"Rwanda","RWA",2002,0.159087846,"..",240.2669777,-1.07677978773912,-4,"8536205",95
"Rwanda","RWA",2003,0.252180337,"..",241.0763609,-0.893074502547582,-3,"8680346",89.9
"Rwanda","RWA",2004,0.36670145,"..",254.5537563,-0.80864325662454,-3,"8818438",84.6
"Rwanda","RWA",2005,0.311083728,"..",272.4196865,-0.955381006002426,-3,"8991735",79.3
"Rwanda","RWA",2006,0.361048364,"..",289.9304289,-0.612462234993776,-3,"9206580",74.9
"Rwanda","RWA",2007,1.796081051,"..",297.399307,-0.493904476364454,-3,"9447402",70.5
"Rwanda","RWA",2008,2.193555114,"..",321.0037024,-0.44406714104116,-3,"9708169",66.4
"Rwanda","RWA",2009,2.259259558,"..",324.2097553,-0.435668997466564,-3,"9977446",62.7
"Rwanda","RWA",2010,0.752663278,"..",337.3222332,-0.249839536224802,-4,"10246842",59.1
"Saudi Arabia","SAU",1996,-0.714748521,"30.5114022839804",9135.052288,-0.401143046716849,-10,"19131578",26.2
"Saudi Arabia","SAU",1998,2.938454004,"17.1357537404785",9402.229599,-0.420250418285529,-10,"19882458",23.8
"Saudi Arabia","SAU",2000,-0.998221212,"39.3400774626687",9400.811686,-0.366985337731118,-10,"20764312",21.8
"Saudi Arabia","SAU",2002,-0.325711714,"29.5940345495399",8839.186316,-0.332283537214001,-10,"21906308",20.1
"Saudi Arabia","SAU",2003,-0.273336913,"35.6917502754748",9144.945194,-0.301594140008092,-10,"22556425",19.3
"Saudi Arabia","SAU",2004,-0.133546946,"41.2918089438098",9261.921934,-0.441016047572096,-10,"23228890",18.6
"Saudi Arabia","SAU",2005,3.836348257,"51.0782619661917",9439.858537,-0.334241114556789,-10,"23905654",17.9
"Saudi Arabia","SAU",2006,5.136266539,"51.0262067574282",9440.180027,-0.440726884951194,-10,"24578301",17.3
"Saudi Arabia","SAU",2007,6.322265083,"47.8080181517174",9364.488672,-0.366404305522641,-10,"25252569",16.7
"Saudi Arabia","SAU",2008,8.283561611,"54.9424794279018",9513.377173,-0.302828777581453,-10,"25940770",16.2
"Saudi Arabia","SAU",2009,9.678341356,"34.5284952838343",9294.355996,-0.353069126605988,-10,"26661492",15.5
"Saudi Arabia","SAU",2010,4.782732021,"41.6045738269634",9499.37889,-0.270761909584204,-10,"27425676",15
"Senegal","SEN",1996,0.172182346,"0.0019808182486859",455.6205584,-0.21373452944681,-1,"8974077",68
"Senegal","SEN",1998,1.396128745,"0.00162354239287375",473.1459897,-0.276109472538034,-1,"9418393",66.1
"Senegal","SEN",2000,1.341427812,"0",493.5721092,-0.142865420008699,8,"9884052",63.3
"Senegal","SEN",2002,1.463347629,"0",492.7457973,0.0166880183387548,8,"10396861",60.2
"Senegal","SEN",2003,0.765459625,"0",511.5460746,-0.147905165950457,8,"10670990",58.6
"Senegal","SEN",2004,0.959261973,"0",527.2228584,-0.0688952299145361,8,"10955944",57.3
"Senegal","SEN",2005,0.51168045,"0",542.0052051,-0.106009359161059,8,"11251266",55.9
"Senegal","SEN",2006,2.349255276,"0",540.8988252,-0.240257398535808,8,"11556763",54.5
"Senegal","SEN",2007,2.627507597,"0",552.0859654,-0.327230172852675,7,"11873557",53.2
"Senegal","SEN",2008,2.970434614,"0",557.3590525,-0.271437339484692,7,"12203957",52
"Senegal","SEN",2009,2.592826486,"0",553.9861809,-0.355226928989093,7,"12550917",50.8
"Senegal","SEN",2010,1.845112216,"0",561.7208728,-0.429938649137815,7,"12916229",49.8
"El Salvador","SLV",1996,-0.04650515,"0",1984.250943,-0.490517330278332,10,"5671925",35.9
"El Salvador","SLV",1998,9.191153645,"0",2114.407971,-0.283966198718796,10,"5778706",31.9
"El Salvador","SLV",2000,1.320222698,"0",2211.022459,-0.259179625660181,10,"5867626",28
"El Salvador","SLV",2002,3.285174079,"0",2283.020652,-0.238046743751814,10,"5940303",24.5
"El Salvador","SLV",2003,0.938411745,"0",2327.644216,-0.2329947364827,10,"5971535",22.8
"El Salvador","SLV",2004,2.299424622,"0",2362.747667,-0.150280064592759,10,"6000775",21.3
"El Salvador","SLV",2005,0.322456095,"0",2438.143651,-0.209922685831164,10,"6028961",19.9
"El Salvador","SLV",2006,0.094497782,"0",2523.523599,-0.178689242030183,10,"6056478",18.6
"El Salvador","SLV",2007,0.522807873,"0",2609.089915,-0.143770355498418,10,"6083475",17.3
"El Salvador","SLV",2008,1.731837058,"0",2629.937905,-0.140802065531413,10,"6110301",16.1
"El Salvador","SLV",2009,1.118145298,"0",2534.805972,-0.0989933313491444,10,"6137276",15
"El Salvador","SLV",2010,-0.024547436,"0",2555.887676,-0.101107417295376,10,"6164626",13.9
"Somalia","SOM",1996,NA,"..",NA,-2.23452790578206,0,"7892389",108.3
"Somalia","SOM",1998,NA,"..",NA,-2.14165343840917,0,"8422372",108.3
"Somalia","SOM",2000,NA,"..",NA,-2.13439339399338,0,"9011479",108.3
"Somalia","SOM",2002,NA,"..",NA,-1.76866076389949,0,"9564167",108.3
"Somalia","SOM",2003,NA,"..",NA,-2.03263056278229,0,"9836397",108.3
"Somalia","SOM",2004,NA,"..",NA,-2.14466822147369,0,"10116228",108.3
"Somalia","SOM",2005,NA,"..",NA,-2.14544336001078,0,"10409925",108.3
"Somalia","SOM",2006,NA,"..",NA,-2.32665683825811,0,"10718317",108.3
"Somalia","SOM",2007,NA,"..",NA,-2.44147755702337,0,"11038596",108.3
"Somalia","SOM",2008,NA,"..",NA,-2.4796796242396,0,"11369276",108.3
"Somalia","SOM",2009,NA,"..",NA,-2.39983248710632,0,"11707990",108.3
"Somalia","SOM",2010,NA,"..",NA,-2.31259077787399,0,"12053223",108.3
"Swaziland","SWZ",1996,1.345623588,"..",1397.002261,-0.494472303117315,10,"981764",71.1
"Swaziland","SWZ",1998,9.684300533,"..",1443.390551,-0.500432222771148,10,"1026009",74.4
"Swaziland","SWZ",2000,5.94692258,"..",1508.18366,-0.603498825803399,10,"1061468",76.7
"Swaziland","SWZ",2002,7.51930653,"..",1548.700189,-0.533210346863295,10,"1080930",77
"Swaziland","SWZ",2003,-3.285070303,"..",1581.320379,-0.682806036745509,10,"1087392",76.5
"Swaziland","SWZ",2004,2.874564478,"..",1625.155965,-0.756616659462452,10,"1095053",75.7
"Swaziland","SWZ",2005,-1.774340632,"..",1663.010501,-0.796353047092756,10,"1105873",74.6
"Swaziland","SWZ",2006,4.10564205,"..",1715.684609,-0.650434876481692,10,"1120514",67.7
"Swaziland","SWZ",2007,1.227767366,"..",1773.456589,-0.639792547638839,10,"1138434",62.8
"Swaziland","SWZ",2008,3.501238533,"..",1794.779059,-0.580421232928832,10,"1158897",58.6
"Swaziland","SWZ",2009,2.22752568,"..",1795.97974,-0.55684435631459,10,"1180675",57.4
"Swaziland","SWZ",2010,3.668870747,"..",1811.07776,-0.525105324884256,10,"1202843",55.1
"Syrian Arab Republic","SYR",1996,0.645415766,"23.464162456355",1240.900443,-0.778355454405149,-9,"14755286",22.7
"Syrian Arab Republic","SYR",1998,0.539443655,"10.4634177203217",1283.067083,-0.873535662889481,-9,"15602210",21
"Syrian Arab Republic","SYR",2000,1.397089248,"24.0663695279098",1208.734642,-0.886168311039607,-7,"16410848",19.5
"Syrian Arab Republic","SYR",2002,0.532845306,"20.4263969631462",1269.271835,-0.661258839070797,-7,"17087901",18.2
"Syrian Arab Republic","SYR",2003,0.732998623,"23.2324340171604",1238.399576,-0.813147927246367,-7,"17415266",17.6
"Syrian Arab Republic","SYR",2004,1.096188304,"20.0258683461609",1286.005016,-0.84135847290357,-7,"17806638",17
"Syrian Arab Republic","SYR",2005,1.732563836,"24.3555149646988",1330.321415,-0.909028733770053,-7,"18294611",16.4
"Syrian Arab Republic","SYR",2006,1.977028989,"23.659822532068",1368.930491,-1.02408515413602,-7,"18914977",15.9
"Syrian Arab Republic","SYR",2007,3.073775351,"20.0658123341052",1418.051146,-0.959638451536497,-7,"19632806",15.3
"Syrian Arab Republic","SYR",2008,2.78731464,"..",1452.257685,-0.905118763446808,-7,"20325443",14.8
"Syrian Arab Republic","SYR",2009,4.764198491,"..",1508.638028,-0.878706812858582,-7,"20824893",14.3
"Syrian Arab Republic","SYR",2010,2.483973883,"..",1525.809293,-0.928777227799098,-7,"21018834",13.8
"Turkmenistan","TKM",1996,4.541706722,"10.3384259490039",520.7083519,-0.949369604388873,-9,"4287344",67.1
"Turkmenistan","TKM",1998,2.390923182,"2.38613686958952",478.5062522,-1.16620482380191,-9,"4413477",63.8
"Turkmenistan","TKM",2000,4.509990241,"26.5916193658903",645.2771015,-1.18652088940144,-9,"4516131",60.6
"Turkmenistan","TKM",2002,6.185526824,"15.8392322501265",880.5618465,-1.32304014948507,-9,"4610002",57.6
"Turkmenistan","TKM",2003,3.780882417,"16.2454304430551",1020.529291,-1.30406399443746,-9,"4655741",56.1
"Turkmenistan","TKM",2004,5.172299512,"20.9345852809827",1183.618098,-1.42963340878487,-9,"4703398",54.7
"Turkmenistan","TKM",2005,5.160188109,"24.3024087018727",1323.102356,-1.43619381372506,-9,"4754641",53.3
"Turkmenistan","TKM",2006,7.111583749,"21.0236379113983",1457.358167,-1.50111063818137,-9,"4810105",52.1
"Turkmenistan","TKM",2007,6.75922963,"17.7332042882418",1610.213837,-1.39727550248305,-9,"4870137",50.6
"Turkmenistan","TKM",2008,6.626357388,"16.7436698058226",1824.552423,-1.3180587242047,-9,"4935762",49.5
"Turkmenistan","TKM",2009,20.73399932,"8.43707371151447",1912.029043,-1.34063064058622,-9,"5007950",48
"Turkmenistan","TKM",2010,10.41463457,"10.5380830508351",2062.127197,-1.38781123856703,-9,"5087210",46.9
"Tunisia","TUN",1996,1.2167962,"2.48246969629913",1930.420696,-0.0591187812387943,-3,"9256037",29.2
"Tunisia","TUN",1998,2.980500468,"1.04174123223649",2080.664494,-0.0488793682307005,-3,"9499395",26.4
"Tunisia","TUN",2000,3.502865915,"3.03550926238454",2245.335059,-0.0276191545029481,-3,"9699197",23.8
"Tunisia","TUN",2002,3.417199787,"2.21845147774025",2340.805906,0.0253429680597037,-4,"9864326",21.4
"Tunisia","TUN",2003,1.970193724,"2.0288048746269",2454.335085,0.0179043608950451,-4,"9939678",20.3
"Tunisia","TUN",2004,1.903831994,"2.53735946168106",2576.343908,0.0214695818722248,-4,"10017601",19.3
"Tunisia","TUN",2005,2.239704524,"3.75417572014045",2653.593468,-0.104991405581435,-4,"10102482",18.3
"Tunisia","TUN",2006,9.512869854,"4.079037243848",2776.257059,-0.0142270202438037,-4,"10196136",17.3
"Tunisia","TUN",2007,3.934593714,"5.41203357732249",2921.993577,-0.0758957403401534,-4,"10298087",16.4
"Tunisia","TUN",2008,5.879026596,"5.80370723512351",3023.398051,-0.121016335984071,-4,"10407336",15.5
"Tunisia","TUN",2009,3.665850834,"3.27009723385446",3083.98651,-0.117835129145533,-4,"10521834",14.8
"Tunisia","TUN",2010,3.166641926,"4.23927380104914",3143.533869,-0.18106102058664,-4,"10639931",13.8
"Turkey","TUR",1996,0.397849726,"0.12883800577866",3923.860895,-0.278283270075917,8,"59423208",48.3
"Turkey","TUR",1998,0.349069822,"0.013216647219121",4184.287831,-0.422266416251659,7,"61329590",40.9
"Turkey","TUR",2000,0.36838695,"0.110959164099508",4189.478062,-0.249804737667243,7,"63240121",34.1
"Turkey","TUR",2002,0.465307177,"0.0899252685758644",4077.772373,-0.307236401985089,7,"65143054",28.5
"Turkey","TUR",2003,0.561706341,"0.0808831467593334",4234.679177,-0.158958876505494,7,"66085803",26.1
"Turkey","TUR",2004,0.710157955,"0.0795169528887435",4569.414208,-0.127444552878539,7,"67007855",23.7
"Turkey","TUR",2005,2.076898285,"0.0995707424181358",4887.370377,-0.0211640562241276,7,"67903406",21.5
"Turkey","TUR",2006,3.802033605,"0.104828075311191",5154.661097,-0.0401240740514671,7,"68763405",19.6
"Turkey","TUR",2007,3.406756575,"0.0892276668050605",5323.682988,-0.0524321685079485,7,"69597281",18
"Turkey","TUR",2008,2.670546169,"0.110257335202643",5288.416087,-0.0519624141355356,7,"70440032",16.3
"Turkey","TUR",2009,1.368634989,"0.0757435510857283",4968.579023,-0.0700030364096165,7,"71339185",15
"Turkey","TUR",2010,1.236144336,"0.0969599040303035",5356.000439,-0.051747992169112,7,"72326914",13.7
"Uganda","UGA",1996,2.001791578,"..",234.7133909,-0.712964683771133,-4,"21202118",98.1
"Uganda","UGA",1998,3.189155246,"..",243.8486185,-0.62762455145518,-4,"22551789",93.5
"Uganda","UGA",2000,2.594761836,"..",255.7806112,-0.718978093316158,-4,"24039274",87.7
"Uganda","UGA",2002,2.988527352,"..",274.6005446,-0.772886879121264,-4,"25718048",82.3
"Uganda","UGA",2003,3.190820333,"..",283.0782984,-0.687517303042114,-4,"26624820",79.8
"Uganda","UGA",2004,3.720440644,"..",292.6805093,-0.647786595431777,-4,"27568436",77.3
"Uganda","UGA",2005,4.111665017,"..",301.2583026,-0.716608489553134,-1,"28543940",74.7
"Uganda","UGA",2006,6.457341799,"..",323.0773993,-0.585097993413607,-1,"29550662",71.8
"Uganda","UGA",2007,6.649080957,"..",339.0620829,-0.577948001523813,-1,"30590487",69.4
"Uganda","UGA",2008,5.047222959,"..",356.8351769,-0.568789131939411,-1,"31663896",67.1
"Uganda","UGA",2009,5.325217965,"..",370.5361322,-0.618558312455813,-1,"32771895",65
"Uganda","UGA",2010,3.162529001,"..",379.9914906,-0.594122608502706,-1,"33915133",63
"Ukraine","UKR",1996,1.169260492,"0.646026951113171",608.8159886,-0.613590704898039,7,"51057189",16.5
"Ukraine","UKR",1998,1.773979219,"0.107708544502072",589.8821355,-0.760591546694438,7,"50143939",15.9
"Ukraine","UKR",2000,1.90329792,"1.36569435512473",635.7089682,-0.749334702889125,6,"49175848",15.1
"Ukraine","UKR",2002,1.634707852,"0.523012659850713",745.0390011,-0.694489479064941,6,"48202500",14.4
"Ukraine","UKR",2003,2.840447064,"0.575810525513394",821.7133693,-0.665386696656545,6,"47812950",13.9
"Ukraine","UKR",2004,2.643216859,"0.654077767032296",928.1552911,-0.619767357905706,6,"47451600",13.6
"Ukraine","UKR",2005,9.064101556,"0.771284811797749",960.2262143,-0.516353433330854,6,"47105150",13.2
"Ukraine","UKR",2006,5.200779928,"0.780239074918585",1037.312259,-0.442215234351655,7,"46787750",12.8
"Ukraine","UKR",2007,6.930401218,"0.601283560945899",1125.959706,-0.42253634845838,7,"46509350",12.4
"Ukraine","UKR",2008,6.063033576,"0.590060667861136",1158.110564,-0.443919941782951,7,"46258200",12.1
"Ukraine","UKR",2009,4.108241595,"0.445979673952247",991.1002641,-0.603410676587373,7,"46053300",11.7
"Ukraine","UKR",2010,4.761080172,"0.48062761144049",1035.84246,-0.558344626178344,6,"45870700",11.4
"United States","USA",1996,1.116228664,"0.381290629163125",30827.9882,1.44491732120514,10,"269394000",7.7
"United States","USA",1998,2.048163826,"0.083547205212876",32847.35197,1.46133494377136,10,"275854000",7.4
"United States","USA",2000,3.245585323,"0.331022517050861",35081.92308,1.52661222219467,10,"282162411",7.1
"United States","USA",2002,0.796679949,"0.19587660998538",35427.90996,1.3908823505044,10,"287625193",7
"United States","USA",2003,0.574878486,"0.216230033430904",36021.31408,1.29761101057132,10,"290107933",6.9
"United States","USA",2004,1.23723067,"0.276751659838538",36931.39383,1.28725003202756,10,"292805298",6.9
"United States","USA",2005,0.896492443,"0.321511717404299",37718.00537,1.20729360977809,10,"295516599",6.8
"United States","USA",2006,1.826212024,"0.323085987304958",38349.39879,1.24888664484024,10,"298379912",6.7
"United States","USA",2007,1.584079417,"0.318277246467813",38710.88544,1.21644456684589,10,"301231207",6.7
"United States","USA",2008,2.18078949,"0.540459698360425",38208.76118,1.28189586102962,10,"304093966",6.6
"United States","USA",2009,1.143865951,"0.275754158601241",36539.22823,1.15474871794383,10,"306771529",6.6
"United States","USA",2010,1.635110161,"0.35179116092985",37329.61591,1.19183365007242,10,"309348193",6.5
"Uzbekistan","UZB",1996,0.645212527,"1.58961341652124",498.761383,-1.21909170349439,-9,"23225000",56.5
"Uzbekistan","UZB",1998,0.931351445,"0.222722618411046",528.4640553,-1.33117505908012,-9,"24051000",54.4
"Uzbekistan","UZB",2000,0.542863133,"3.6755882659759",558.221144,-1.33656270305316,-9,"24650400",52.5
"Uzbekistan","UZB",2002,0.674033133,"1.03188110245328",590.058588,-1.33738420406977,-9,"25271850",50.7
"Uzbekistan","UZB",2003,0.815041487,"1.56668806058744",607.7253728,-1.35477250814438,-9,"25567650",49.8
"Uzbekistan","UZB",2004,1.467993801,"1.08479202503603",647.0119854,-1.3647013703982,-9,"25864350",48.7
"Uzbekistan","UZB",2005,1.339156863,"0.314783513009109",684.2969072,-1.5430322488149,-9,"26167000",47.8
"Uzbekistan","UZB",2006,1.020498263,"2.02032267506564",725.3469456,-1.45186016956965,-9,"26488250",47.2
"Uzbekistan","UZB",2007,3.160716907,"1.6328831293007",783.0274969,-1.23858309785525,-9,"26868000",46.5
"Uzbekistan","UZB",2008,2.54786249,"1.50084831301426",839.9109699,-1.25530420740445,-9,"27302800",45.4
"Uzbekistan","UZB",2009,2.166571345,"0.759529531680359",892.7489089,-1.29394201437632,-9,"27767400",44.5
"Uzbekistan","UZB",2010,2.089860386,"0.707236836032986",941.6718455,-1.31148008505503,-9,"28562400",43.8
"Venezuela, RB","VEN",1996,3.198132332,"18.1727681625307",5005.250067,-0.617577962577343,8,"22650102",23.3
"Venezuela, RB","VEN",1998,5.457717915,"5.3027223260555",5132.015852,-0.564083890203619,8,"23569454",22.1
"Venezuela, RB","VEN",2000,4.012885809,"17.7260576267939",4818.70818,-0.584753138323625,7,"24488340",21
"Venezuela, RB","VEN",2002,0.841859702,"14.2444774352273",4377.382134,-0.958344082037608,6,"25408700",19.8
"Venezuela, RB","VEN",2003,2.439543817,"18.0453211444821",3966.499729,-0.993263999621073,6,"25868523",19.2
"Venezuela, RB","VEN",2004,1.318791935,"20.4321248059042",4610.489039,-1.03734553853671,6,"26327225",18.7
"Venezuela, RB","VEN",2005,1.904290803,"23.8102650842349",5000.076202,-1.02218282222748,6,"26784161",18.1
"Venezuela, RB","VEN",2006,-0.276873153,"21.392575950889",5401.421719,-1.04403803745906,5,"27239168",17.7
"Venezuela, RB","VEN",2007,0.703234842,"16.9674730799763",5777.628568,-1.15122139453888,5,"27691965",17.1
"Venezuela, RB","VEN",2008,0.378643609,"17.2718232052908",5984.144953,-1.17961073915164,5,"28141701",16.6
"Venezuela, RB","VEN",2009,-0.769840282,"6.98066497183166",5700.884058,-1.2468408147494,-3,"28587323",16.1
"Venezuela, RB","VEN",2010,0.307002778,"9.39663185228582",5528.363114,-1.29318588972092,-3,"29028033",15.7
"Yemen, Rep.","YEM",1996,-1.038770634,"33.4159983332954",499.0076785,-0.764614403247833,-2,"15889449",78.6
"Yemen, Rep.","YEM",1998,-3.468654179,"16.2823339520938",523.1331648,-0.887828926245371,-2,"16896210",75
"Yemen, Rep.","YEM",2000,0.066410169,"38.6913837855008",543.7138828,-0.960895846287409,-2,"17874725",71.6
"Yemen, Rep.","YEM",2002,1.068914126,"28.9404565790701",552.071517,-1.1095075905323,-2,"18919179",68.5
"Yemen, Rep.","YEM",2003,-0.756569252,"30.8396658813015",555.420732,-0.991958012183507,-2,"19462086",67
"Yemen, Rep.","YEM",2004,1.034909643,"33.0170733562321",559.9991715,-1.09282571077347,-2,"20017068",65.6
"Yemen, Rep.","YEM",2005,-1.802916178,"40.6703496329503",573.4857059,-1.05417060852051,-2,"20582927",63.9
"Yemen, Rep.","YEM",2006,5.874624952,"39.084165250803",573.8957089,-0.99861932794253,-2,"21160534",62.7
"Yemen, Rep.","YEM",2007,4.235665395,"32.4214425339112",575.2493701,-0.990300685167313,-2,"21751605",61.5
"Yemen, Rep.","YEM",2008,5.775543885,"31.5413745241474",578.3232708,-1.0894730190436,-2,"22356391",59.9
"Yemen, Rep.","YEM",2009,0.514099398,"19.0798672454226",582.6175013,-1.21591995159785,-2,"22974929",58.7
"Yemen, Rep.","YEM",2010,0.179534842,"20.5170409360292",608.5960601,-1.2220184703668,-2,"23606779",57.3
