"shareself","shareblue","sharewhite","sharedomestic","shareunemployed","nvoter","nazivote","sharenazis"
14.52451,46.67877,7.51894,23.72128,7.5565,20724,8915,43.0177571897317
17.76995,37.847,8.86076,27.10842,8.41387,61024,20388,33.4098059779759
21.00499,28.78295,6.1648,37.18949,6.85777,31741,9670,30.4653287546076
14.9859,45.92575,9.11449,21.09423,8.87963,67591,26634,39.4046544658312
11.46592,27.82162,29.76835,7.48931,23.4548,226176,100041,44.2314834465195
21.45603,30.40565,5.73774,35.49705,6.90353,30835,15255,49.4730014593806
18.4266,38.78074,6.23398,29.56744,6.99124,32939,15791,47.9401317587055
15.96905,44.34049,7.56757,23.82536,8.29753,57187,25943,45.3652053788448
17.04057,43.67858,6.48391,27.66537,5.13157,23404,13104,55.990428986498
12.85784,46.01309,13.09826,18.13811,9.8927,30513,14507,47.5436699111854
15.42178,41.32032,10.5162,23.94123,8.80047,27742,12908,46.5287290029558
18.12074,37.17381,6.88057,28.64732,9.17756,24094,11914,49.4479953515398
22.15256,28.31101,6.40032,35.85345,7.28266,26651,14212,53.3263292184158
17.21933,40.97764,8.52793,27.37719,5.89791,77067,37265,48.3540296105986
12.46292,24.78628,34.30067,8.46176,19.98837,27618,12047,43.6201028314867
21.90335,29.44825,5.74431,37.99759,4.9065,23822,14905,62.56821425573
22.19648,30.4297,6.57852,35.43413,5.36117,60257,33669,55.875665897738
18.67177,31.08632,12.43952,24.8656,12.93679,75824,37760,49.7995357670395
21.75747,22.48127,4.0918,43.66771,8.00175,32778,12242,37.3482213679907
13.14104,29.9066,30.09458,9.46954,17.38824,26276,9897,37.6655503120719
20.22556,27.73802,4.53745,40.83705,6.66192,30880,20064,64.9740932642487
18.41008,33.83018,12.41239,29.89974,5.44761,27263,16699,61.2515130396508
20.84993,28.40862,8.20404,35.79912,6.73829,34392,24055,69.9435915329146
19.87329,29.3051,6.04749,38.80389,5.97023,22402,15859,70.7927863583609
22.78379,21.0789,6.86571,41.57796,7.69364,41443,26633,64.2641700649084
17.0679,34.59844,10.09779,30.75879,7.47708,45140,23667,52.4302171023483
19.86311,29.94225,7.1016,33.92513,9.16791,30589,9951,32.5313021020628
19.36613,31.96492,6.42523,34.58771,7.65601,31380,18794,59.8916507329509
19.64737,37.42747,3.30308,32.38357,7.23851,15984,7348,45.970970970971
10.45354,31.77672,19.05067,6.88474,31.83433,51441,20623,40.0905892187166
12.94097,37.58819,20.74318,15.88664,12.84102,26777,12866,48.0486985099152
17.7727,32.67086,12.95535,25.34074,11.26035,26883,13982,52.0105642971395
17.11958,34.0372,12.14526,28.0992,8.59876,35805,20009,55.8832565284178
15.64901,42.71273,6.68939,24.53353,10.41534,22064,7215,32.7003263234228
13.5855,26.84832,16.79751,6.00165,36.76702,217223,64730,29.7988702853749
9.55362,32.39763,18.60494,4.01612,35.42769,436417,116065,26.5949768226261
13.90276,26.09557,24.00202,6.74913,29.25052,482382,144590,29.974169848792
10.48016,31.02945,20.51328,4.52016,33.45695,310835,85388,27.4705229462577
12.99637,27.91759,24.21321,7.638,27.23483,224209,64143,28.6085750349005
15.60671,22.19352,27.94591,10.0528,24.20106,282617,93032,32.9180481004327
11.50076,29.66805,24.72185,6.65281,27.45653,68885,23690,34.3906510851419
8.12554,35.06291,26.18101,4.41378,26.21676,110164,40750,36.9903053629135
13.91506,19.14499,40.29087,9.92273,16.72635,152720,63413,41.5223939235202
9.72057,30.10733,26.06631,4.34994,29.75585,341716,97601,28.5620222641024
20.48509,14.55957,33.35032,15.20958,16.39544,165226,53505,32.3829179426967
16.28171,17.70285,36.2502,19.72585,10.03939,50393,17578,34.8818288254321
10.06503,27.40383,29.90902,5.09739,27.52473,107355,36939,34.4082716221881
8.5246,30.92017,19.53573,3.72056,37.29894,394885,100652,25.4889398179217
8.61352000000002,30.49828,28.91063,4.0924,27.88517,98065,30263,30.8601437821853
16.11352,41.22514,8.53601,23.25393,10.8714,44262,22484,50.7975238353441
12.17196,31.113,24.31306,7.62581,24.77617,22520,10011,44.4538188277087
16.85787,34.4462,11.12867,22.72904,14.83822,55783,23946,42.9270566301561
14.86892,36.34627,13.705,12.02144,23.05837,133250,50241,37.7043151969981
14.87005,41.91953,10.67834,17.01659,15.51549,59534,25536,42.8931366949978
13.20038,42.18344,13.20884,13.88711,17.52023,147400,59041,40.0549525101764
19.86414,39.04637,7.29197,28.56695,5.23057,48447,28505,58.8374925175965
13.79008,33.33696,22.12294,13.79551,16.95451,159932,60740,37.978640922392
13.24204,50.1682,9.57899,17.2313,9.77947,39840,20033,50.2836345381526
12.47063,39.41918,22.48559,7.35284,18.27176,20869,6936,33.2359001389621
18.45384,37.12448,10.39428,25.25551,8.77189,55076,28506,51.7575713559445
16.84153,43.8291,7.65819,22.13449,9.53669,37861,16864,44.541876865376
21.07599,35.17494,7.84064,29.66786,6.24057,42797,23359,54.5809285697596
14.6821,25.43183,29.33664,7.89232,22.65711,18503,7843,42.3877209101227
21.52483,31.14193,6.42091,33.19548,7.71685,69094,34521,49.9623701044953
16.4536,41.8831,7.46871,24.64002,9.55457,29627,15920,53.7347689607453
13.92687,41.55864,10.80996,19.31613,14.3884,72754,29872,41.0589108502625
21.2223,30.87181,4.97445,33.69016,9.24128,39172,21291,54.3525987950577
16.04485,31.39821,25.40532,8.17283,18.97879,39907,17113,42.8822011175984
21.77108,25.57263,7.1335,33.75395,11.76884,40141,22540,56.1520639744899
12.6124,50.87331,13.68109,8.43651,14.39669,28475,10764,37.801580333626
12.25311,30.27849,27.73938,8.08872,21.6403,55582,28205,50.7448454535641
20.98516,29.997,6.82261,29.70835,12.48688,36828,21003,57.0299771912675
21.34962,31.04661,4.95092,33.37713,9.27572,31362,17586,56.074229959824
12.31418,44.83531,16.14865,8.36993,18.33193,32126,12894,40.1357156197472
17.02594,37.89565,11.36166,21.65998,12.05677,66636,32142,48.2351881865658
23.22607,30.1386,4.24083,33.72965,8.66485,37705,21246,56.3479644609468
13.86486,32.0112,23.09308,8.65803,22.37283,31747,15055,47.4218036349891
16.44361,40.16619,9.37759,22.30644,11.70617,111611,49508,44.3576350001344
24.90087,21.72329,8.71289,39.03119,5.63176,22447,13750,61.2554016126877
19.5855,31.99313,7.80733,28.20641,12.40763,52158,25006,47.942789217378
21.70379,34.79219,5.55224,30.40643,7.54535,28281,16042,56.7235953466992
17.90205,39.46857,6.55562,26.58338,9.49038,33158,18636,56.2036310995838
16.95706,39.65236,9.00524,22.3267,12.05864,61282,29474,48.0956887830032
12.06598,44.45358,10.07401,14.48282,18.92361,29487,11202,37.9896225455285
17.4247,37.53344,5.82118,28.87719,10.34349,30709,15869,51.6754046045133
19.60737,34.14956,9.46801,28.54488,8.23018,41378,22936,55.4304219633622
17.03032,35.78163,8.50019,28.93059,9.75727,43288,18794,43.4161892441323
20.6903,27.54616,6.00595,38.41069,7.3469,25511,13496,52.9026694367136
20.41188,30.60771,8.68161,29.55784,10.74096,12841,6324,49.2485008955689
18.23555,34.09394,11.32016,26.67006,9.68029,21749,9562,43.9652397811394
22.17519,22.49267,7.01813,35.86512,12.44889,27664,15320,55.3788316946212
19.33732,30.34556,6.93665,33.3309,10.04957,35741,16175,45.2561484009961
11.38319,25.32848,28.35045,9.01218,25.9257,28019,14422,51.4722152824869
18.031,38.10848,7.64951,26.35605,9.85496,13668,4939,36.1354989757097
18.85074,36.72633,7.30475,31.06243,6.05575,56799,31492,55.4446381098259
16.09828,45.29125,10.36645,20.70324,7.54078,32236,16247,50.4001737188237
15.12218,47.53835,7.92167,18.4839,10.9339,47762,21169,44.3218458188518
15.87008,27.46237,27.70883,10.86172,18.097,21012,8349,39.7344374643061
16.70643,46.28232,6.7001,23.4601,6.85105,25048,11337,45.2610986905142
20.14629,37.01389,5.98214,31.23024,5.62744,68263,37089,54.3325080936964
15.06491,49.45701,7.00988,23.83033,4.63787,31458,17701,56.2686756945769
13.71029,48.21332,12.54142,17.04986,8.48511,53762,28578,53.1565045943231
13.34082,33.01137,20.78142,12.24183,20.62456,313870,130626,41.6178672698888
14.9045,26.87545,27.22219,9.23001,21.76785,29304,13408,45.7548457548458
18.97494,27.71467,10.95812,23.47294,18.87933,38992,17416,44.6655724251128
22.26519,28.89212,15.12649,23.27712,10.43908,46432,22678,48.8413163335631
17.22877,38.93268,9.09928,26.97549,7.76378,48870,27268,55.7970124820954
19.02207,25.66505,7.68591,37.23549,10.39148,16995,8711,51.2562518387761
18.19613,37.00698,7.30304,28.58267,8.91118,26388,15538,58.8828255267546
18.11008,29.8152,13.13705,26.5295,12.40817,47676,24077,50.5013004446682
20.08639,33.04112,5.09465,35.26024,6.5176,29270,16526,56.4605398018449
13.39976,28.00198,23.06869,9.92423,25.60534,20445,8790,42.993396918562
16.34718,32.59118,10.14097,29.9607,10.95997,119758,58618,48.9470432037943
18.98594,32.80917,7.37223,33.52437,7.30829,52476,30323,57.784511014559
20.92198,30.73678,5.74939,35.50301,7.08884,73992,39021,52.7367823548492
16.12716,45.4339,6.92373,21.82644,9.68877,27908,12133,43.4749892503942
18.45374,44.46731,10.55479,19.50541,7.01875,33112,15641,47.236651365064
14.19179,44.09839,8.25659,19.7344,13.71883,96153,44324,46.0973656568178
11.62998,24.659,23.62706,7.73532,32.34864,479621,201309,41.9725157989329
18.41952,33.48517,5.67647,27.64755,14.77129,56725,30861,54.4045835169678
11.97433,26.93847,23.75236,8.29747,29.03737,19224,8800,45.7761131918435
18.91595,32.25053,9.53314,25.1792,14.12118,47659,19314,40.5253991900795
16.70067,31.74096,10.56917,21.84062,19.14858,79738,26594,33.3517269056159
21.57884,28.4669,5.79751,32.56877,11.58798,17446,8144,46.6811876647942
21.20732,35.13438,6.01798,30.39266,7.24766,25102,15647,62.3336785913473
23.45038,26.74547,6.8238,32.71028,10.27007,34996,15912,45.4680534918276
22.5042,28.94084,6.71283,35.1333,6.70883,30094,17374,57.7324383598059
18.34528,37.42585,8.08206,27.76199,8.38482,19200,8974,46.7395833333333
16.59076,41.25091,6.24413,23.90224,12.01196,35203,17052,48.4390534897594
16.82987,38.81694,8.95908,25.37545,10.01866,43780,25400,58.0173595248972
12.91544,43.00385,10.10882,13.93562,20.03627,56405,24643,43.6893892385427
12.83006,38.79382,8.84166,16.25725,23.27721,59576,23551,39.5310192023634
11.28455,27.80834,28.19217,8.83444,23.8805,22353,9261,41.4306804455778
19.60219,35.28807,7.54115,29.69822,7.87037,36102,20129,55.7559137997895
10.58186,44.51191,10.2116,11.65744,23.03719,88503,35930,40.5974938702643
8.79687,40.08034,21.09085,7.18995,22.84199,32073,12758,39.7780064228479
20.8251,32.78733,8.57969,28.25696,9.55092,40237,22260,55.3222158709645
17.89012,33.02747,8.75084,24.99156,15.34001,45603,21035,46.1263513365349
19.14978,34.12253,8.62736,25.5248,12.57553,77450,37096,47.8967075532602
18.27729,36.27062,7.38973,25.81387,12.24849,102981,52411,50.8938542061157
13.15769,25.79001,32.76876,9.34682,18.93672,19485,8080,41.4677957403131
15.38824,32.29409,16.32447,15.06613,20.92707,109400,49179,44.9533820840951
17.45221,31.76741,8.65258,21.88943,20.23837,56216,26407,46.9741710545041
14.77217,24.48994,27.24106,11.83621,21.66062,21879,9856,45.0477626948215
17.04044,34.71224,7.61303,27.81769,12.8166,35780,15419,43.0939072107323
17.91498,37.79597,8.06237,21.78422,14.44246,49711,26103,52.5095049385448
17.75339,38.12459,6.81449,24.31791,12.98962,145994,76232,52.2158444867597
12.69228,29.23585,21.14456,8.99928,27.92803,54838,25594,46.672015755498
23.22271,29.33711,6.98625,32.42146,8.03247,41723,22026,52.7910265321286
19.04835,31.77107,8.75581,26.52269,13.90208,24338,14784,60.7445147505958
15.74356,37.04078,7.51944,24.27706,15.41916,58335,23577,40.4165595268707
7.98472,41.22629,15.39114,6.83901,28.55884,206225,79701,38.6475936477149
16.58019,27.46329,8.00861,29.69439,18.25352,51601,18761,36.3578225228193
21.80651,28.28126,5.48172,34.92151,9.509,24289,8750,36.0245378566429
20.53629,33.09256,6.72834,30.69807,8.94474,24720,11067,44.7694174757282
16.54664,34.52564,10.8173,26.69894,11.41148,32520,16125,49.5848708487085
21.30954,27.51445,6.93376,30.92858,13.31367,51680,19941,38.5855263157895
20.00345,33.80374,6.22316,29.96221,10.00744,43002,13891,32.3031486907586
13.21824,24.65671,29.2761,11.11185,21.7371,23103,6170,26.7064883348483
20.79343,26.66553,7.36509,30.73035,14.4456,60760,20444,33.6471362738644
16.55717,24.21706,5.78081,33.00437,20.44059,86540,27750,32.0660966027271
13.51155,26.13026,17.81382,23.05517,19.4892,79426,27332,34.4119054213985
13.56264,27.12324,12.57523,22.02501,24.71388,70435,26253,37.2726627386953
21.04701,23.50579,5.16997,37.19169,13.08554,33066,9976,30.1699631040948
11.74017,31.75602,15.50107,18.70692,22.29582,123324,46238,37.4931075865201
12.37396,41.50198,18.75454,7.77607,19.59345,17792,6293,35.3698291366906
13.52459,39.71864,11.0104,14.4987,21.24767,76057,28276,37.1773801228026
19.7848,31.57179,9.20977,34.01018,5.42346,42418,23071,54.3896459050403
17.85544,35.3207,10.31298,22.59088,13.92,53082,26705,50.3089559549376
13.42347,26.90154,26.63753,8.22067,24.81679,35273,15133,42.9025033311598
16.68498,42.48417,6.0308,24.64117,10.15888,74853,33633,44.932066851028
17.77113,38.255,7.53197,27.93279,8.50911,47435,21035,44.3448930114894
12.41951,29.07276,26.49845,6.8483,25.16098,230808,84509,36.6144154448719
13.8158,44.49646,8.19836,18.21927,15.27011,44730,19309,43.1678962664878
14.28305,44.25839,8.18661,17.66416,15.60779,85497,34464,40.3101863223271
19.75879,41.60213,6.2382,28.9639,3.43698,29822,15725,52.7295285359802
15.63018,40.75214,7.9335,21.17653,14.50765,31545,13859,43.9340624504676
12.91379,33.08606,22.95605,8.89367,22.15043,18635,9602,51.5266970753958
23.00759,33.74334,7.4283,32.10237,3.7184,41802,24291,58.1096598248888
16.59496,44.34093,7.1045,24.08349,7.87612,36316,16735,46.0816169181628
13.2848,34.69797,26.84449,9.82242,15.35032,22686,10373,45.7242352111434
11.91436,40.89575,12.74744,12.23764,22.20481,64617,25161,38.9386693904081
12.56838,35.25982,15.66882,14.52511,21.97787,119763,52402,43.7547489625343
16.29859,33.39565,10.34505,21.9353,18.02541,43462,20409,46.9582623901339
11.71112,44.14029,10.96399,14.91128,18.27332,69597,23597,33.9051970630918
14.08326,42.06735,8.3438,17.49094,18.01465,56452,23550,41.7168567986962
20.96538,28.33904,5.00911,36.09938,9.58709,27158,16156,59.4889167096252
11.82178,42.75877,20.88898,8.23247,16.298,16776,7347,43.7947067238913
11.9104,27.47138,27.67473,6.90738,26.03611,158092,59717,37.7735748804494
17.56115,35.73574,7.45874,28.25903,10.98534,53561,26794,50.0252049065551
14.17242,40.25938,10.27617,19.24426,16.04777,83326,33841,40.6127739241053
10.21346,52.66401,6.86394,12.97293,17.28566,53341,20467,38.3701092967886
11.89744,41.06929,9.64568,16.17084,21.21675,65474,24533,37.4698353544919
10.19107,33.00862,28.06295,7.37355,21.36381,21300,7860,36.9014084507042
18.01851,24.52078,20.47658,13.78636,23.19777,21766,8927,41.013507304971
14.64931,40.6363,6.85756,23.02241,14.83442,46096,21485,46.6092502603263
12.29029,43.96089,8.1574,11.67059,23.92083,60571,19891,32.839147446798
17.1393,31.48425,8.99392,27.99613,14.3864,50657,22478,44.3729395739977
23.09541,28.33892,5.0116,38.62836,4.92571,27640,16750,60.6005788712012
18.31161,36.60723,9.16541,25.49221,10.42354,40399,20891,51.7116760315849
13.02458,39.46036,10.49411,15.92249,21.09846,91600,35809,39.0927947598253
16.08485,42.31072,11.35794,21.2174,9.02909,57036,25015,43.8582649554667
12.79832,41.58078,5.89208,16.63451,23.09431,25288,9200,36.380892122746
12.7857,29.54043,19.21848,7.33595,31.11944,25645,10199,39.7699356599727
14.2045,42.68645,12.24332,9.77472,21.09101,97003,34247,35.3050936568972
13.80984,33.93617,14.86037,7.75931,29.63431,19269,8689,45.0931548082412
17.79084,39.81251,8.5015,13.74189,20.15326,130936,59354,45.330543166127
13.22314,28.04998,19.61826,7.81189,31.29673,15606,7549,48.3724208637703
19.36375,38.23711,7.5102,18.83216,16.05678,65421,23640,36.1351859494658
13.02911,34.34208,26.46524,7.53208,18.63149,31753,11206,35.2911535917866
19.09061,45.13559,8.2145,15.43533,12.12397,98606,43610,44.2265176561264
13.144,32.09907,21.37837,6.51141,26.86715,61674,23953,38.8380841197263
12.00438,28.12128,26.76472,7.15408,25.95554,35320,14727,41.6959229898075
14.30455,45.77536,11.6639,9.9643,18.29189,66440,30150,45.3792895845876
17.76757,35.18321,11.79687,14.03432,21.21803,47025,16496,35.0792131844763
15.61355,40.09677,12.31551,15.02642,16.94775,67606,27810,41.1354021832382
21.06972,37.449,9.79183,18.70217,12.98728,48403,22562,46.6128132553767
18.32554,34.57714,9.09432,14.40966,23.59334,96195,50571,52.5713394667082
19.84146,36.43639,10.5491,18.55949,14.61356,162364,65552,40.3734818063117
15.12949,23.61199,31.89459,10.23626,19.12767,35550,15539,43.7102672292546
17.32752,33.25935,7.90384,27.37567,14.13362,30752,5885,19.1369667013528
21.4744,25.07633,7.42511,34.1962,11.82796,27316,14902,54.554107482794
18.60906,33.03704,3.84362,28.52263,15.98765,27046,11071,40.9339643570214
16.08779,30.84225,15.33059,7.30316,30.43621,27012,10948,40.5301347549237
15.09717,28.25112,27.02081,9.92296,19.70794,27165,11301,41.601325234677
13.83648,37.51143,10.96334,16.15272,21.53603,53247,22162,41.6211241947903
14.90767,27.77565,19.8844,15.39652,22.03576,147643,62445,42.2945889747567
17.2826,30.75837,6.89146,28.79603,16.27154,76862,27902,36.3014233301241
17.41911,34.43302,11.14369,16.93287,20.07131,92814,45945,49.5022302669856
19.29614,37.62774,8.91554,24.53076,9.62982,25046,12327,49.2174399105646
26.77911,24.99657,7.87056,33.68984,6.66392,9398,4962,52.7984677590977
25.44841,30.4523,5.2855,33.05606,5.75773,28395,17962,63.2576157774256
14.57011,22.71711,24.31477,8.8719,29.52611,47352,19664,41.5272850143605
18.63579,35.19978,11.14361,24.13876,10.88206,39742,18156,45.6846660963213
25.47961,23.03437,9.40779,34.87423,7.204,28878,17842,61.784057067664
11.17738,24.74317,28.1186,7.41747,28.54338,158813,69225,43.5890009004301
11.90015,39.55492,18.65371,7.46038,22.43084,27997,11534,41.1972711361932
24.98367,25.43132,8.64497,30.54183,10.39821,28817,17554,60.9154318631363
18.56698,36.95348,10.71155,20.70117,13.06682,60125,26099,43.4079002079002
15.34963,28.28477,19.40848,10.98574,25.97138,264695,105801,39.9709099151854
18.78964,34.41448,9.60712,23.51654,13.67222,107063,57106,53.3386884357808
23.96866,27.07063,11.38446,29.52213,8.05412,46601,29014,62.2604665135941
22.18591,33.49975,6.74161,30.54737,7.02536,35026,20989,59.9240564152344
20.68621,31.20727,11.29433,22.61426,14.19793,55844,27875,49.9158369744288
16.40592,30.27582,16.41262,14.26067,22.64497,110881,43087,38.8587765261857
25.48693,24.73139,9.95437,34.74955,5.07776,22869,14393,62.9367265730902
24.07294,29.27831,7.77735,29.87716,8.99424,35608,20153,56.5968321725455
22.83981,20.292,6.01069,45.5583,5.2992,50546,9192,18.1854152653029
24.0782,21.93554,5.0561,43.87406,5.0561,35011,11405,32.5754762788838
18.54383,35.1073,8.29552,34.47272,3.58063,34992,16820,48.0681298582533
20.60421,23.54588,7.68845,42.95086,5.2106,25796,5147,19.9527058458676
23.22183,28.39633,5.33148,36.57771,6.47265,18098,6575,36.3299812133938
17.39427,35.41977,6.73905,30.64007,9.80684,46864,12468,26.604643222943
14.02754,30.86985,26.82104,8.96654,19.31503,66689,25485,38.2146980761445
24.72056,20.07938,4.0094,47.90215,3.28851,12452,6133,49.2531320269836
22.31538,20.06962,5.59943,42.4898,9.52577,30395,17349,57.0784668531008
20.15892,29.36379,8.18473,30.6488,11.64376,95707,45237,47.2661351834244
13.99289,29.25663,23.66084,12.02514,21.0645,21884,7338,33.5313471029062
9.38111,21.20883,51.86391,6.81144,10.73471,16852,7579,44.9738903394256
25.7283,21.88267,4.21147,42.17265,6.00491,25687,15708,61.1515552614163
23.67717,18.56146,5.2217,48.66413,3.87554,65137,12511,19.2072094201452
20.29951,30.80384,8.21124,29.35311,11.3323,35779,16532,46.2058749545823
16.84639,27.43129,16.61335,23.68973,15.41924,104496,44173,42.2724314806308
22.02177,25.62163,6.95159,35.19056,10.21445,61246,34598,56.4902197694543
14.12654,28.14938,25.43019,8.75207,23.54182,247750,71277,28.7697275479314
18.40135,35.65407,10.01511,26.23006,9.69941,37839,19004,50.2233145696239
21.24105,31.58736,5.35143,35.89153,5.92863,72893,44678,61.292579534386
15.13206,28.23243,26.7371,10.32913,19.56928,19531,8004,40.9810045568583
17.63257,31.06914,11.85433,22.51359,16.93037,190038,83671,44.0285627085109
23.82723,27.83087,5.19581,39.20006,3.94603,57899,32129,55.4914592652723
14.4284,29.72495,25.07683,9.71112,21.0587,21906,8448,38.5647767734867
22.24325,28.34056,7.02618,35.94328,6.44673,41009,24730,60.3038357433734
18.26551,38.66493,8.91502,28.84783,5.30671,38633,21877,56.6277534750084
26.30562,26.68764,5.42921,35.95955,5.61798,27968,13410,47.9476544622426
15.86157,31.80889,8.19817,23.21469,20.91668,52949,18894,35.6833934540785
24.20142,24.85581,6.89885,40.68323,3.36069,19365,11468,59.2202427059127
19.85868,28.45244,9.92934,30.97427,10.78527,42670,19153,44.8863370049215
18.37953,27.93773,12.89578,25.01808,15.76888,136477,56317,41.2648285059021
24.46419,20.65901,5.0943,44.51478,5.26772,75213,45496,60.4895430311249
14.86782,30.86621,25.89671,9.55673,18.81253,19119,9084,47.5129452377216
19.7457,34.03353,7.13834,27.76518,11.31725,34720,17038,49.0725806451613
13.01068,41.26473,10.90739,17.1567,17.6605,52350,19640,37.5167144221586
12.42791,27.93501,25.61495,7.42767,26.59446,336683,131093,38.9366258468648
24.59592,22.3054,5.55721,42.0587,5.48277,52286,27853,53.2704739318364
21.25089,26.93902,7.04318,35.8833,8.88361,24141,13851,57.3754194109606
18.5619,40.3057,6.83954,25.97241,8.32045,22425,10150,45.2619843924192
17.21035,35.12026,9.16523,23.47115,15.03301,35356,15217,43.0393709695667
19.8394,20.50857,6.14365,35.24951,18.25887,18236,4153,22.7736345689844
19.79294,26.42438,8.08659,31.07942,14.61667,18208,10220,56.1291739894552
14.32421,44.39501,7.50674,18.31568,15.45836,21901,10033,45.8106935756358
14.58375,30.2983,28.10489,10.56736,16.4457,16432,8798,53.5418695228822
16.10567,35.13784,6.54215,32.14143,10.07291,24308,12857,52.8920519993418
14.29257,27.31728,31.72278,11.33603,15.33134,32659,15283,46.79567653633
16.0866,40.62839,7.48451,21.45092,14.34958,20516,5482,26.7206083057126
14.21512,27.32098,25.59672,9.68297,23.18421,45084,15513,34.4091030077189
18.68451,40.29453,5.99427,24.81716,10.20953,25081,9662,38.5231848809856
16.25983,27.66534,11.58634,28.00612,16.48237,19520,9436,48.3401639344262
17.29717,32.25594,9.31199,30.46491,10.66999,37761,21353,56.5477609173486
17.45305,29.94497,8.17417,29.13969,15.28812,32683,15250,46.6603432977389
17.61409,31.95793,9.87986,24.79945,15.74867,37628,17102,45.4501966620602
15.03658,37.83076,11.94798,16.46347,18.72121,20101,10064,50.0671608377693
16.18788,33.98493,12.24432,22.64718,14.93569,26759,11370,42.4903770693972
14.1154,32.5663,20.77847,12.2506,20.28923,153114,64507,42.1300468931646
17.33528,36.22782,9.61227,23.19671,13.62792,35460,16348,46.1026508742245
17.23151,38.29977,10.54491,20.34296,13.58085,52534,24524,46.6821487036967
16.94068,32.04928,10.53242,27.28509,13.19253,35206,15679,44.5350224393569
16.04927,42.47037,11.03184,17.00906,13.43946,59068,29772,50.4029254418636
15.0406,34.13043,9.45268,25.37062,16.00567,55391,12434,22.4476900579517
11.29349,44.71953,14.09483,8.30903,21.58312,19598,2415,12.3226859883662
18.86942,26.41236,7.08078,40.33938,7.29806,31313,6478,20.6878932072941
5.79894,39.46651,12.41238,6.07801,36.24416,49660,10808,21.7639951671365
17.20626,34.27207,8.84927,31.39524,8.27716,76402,14552,19.0466218161828
6.84409,35.68138,12.45987,6.9511,38.06356,35627,8930,25.0652594942038
15.08078,30.65823,7.22016,27.49778,19.54305,49460,10958,22.1552769915083
17.3659,33.66968,9.80913,32.84808,6.30721,34624,7932,22.9089648798521
12.84059,22.33643,36.99897,11.85258,15.97143,83433,26490,31.7500269677466
9.71818,38.48199,11.98834,13.30068,26.51081,162921,43075,26.4391944562088
14.2405,44.56535,10.47101,22.15821,8.56493,64919,12889,19.8539718726413
18.37871,30.01601,6.56092,37.58865,7.45571,45180,16479,36.4741035856574
21.1075,27.4032,7.80756,39.81406,3.86768,23189,5955,25.6802794428393
12.44243,42.30963,17.42907,9.72206,18.09681,132654,47217,35.5941019494324
19.37237,21.81409,6.83681,42.36698,9.60975,25287,4303,17.0166488709614
22.7264,29.478,6.117,35.15126,6.52734,23646,12751,53.9245538357439
17.63186,28.01946,9.20505,31.98966,13.15397,40882,9171,22.4328555354435
16.34632,42.78829,8.39361,20.40396,12.06782,140178,68101,48.5818031360128
16.67522,31.76608,12.84987,25.25101,13.45782,101544,42460,41.8143858819822
17.50951,31.91654,13.59265,28.9566,8.0247,124066,29861,24.0686408846904
19.50355,32.10614,7.37509,30.52036,10.49486,34591,16813,48.6051285016334
17.87722,37.60858,7.76699,28.20644,8.54077,19345,8071,41.7213750323081
17.46103,36.25793,9.46052,22.92186,13.89866,117944,48921,41.4781591263651
7.93794000000001,36.79402,17.4914,7.45025,30.32639,213237,70587,33.1026041446841
18.72301,24.54945,8.4921,36.58257,11.65287,29110,5634,19.3541738234284
8.43333,33.27757,16.75306,7.28173,34.25431,503887,123158,24.4415910710139
6.97516,37.36404,13.57732,6.37509,35.70839,254728,70292,27.5949247825131
11.54853,35.85506,14.48726,13.58488,24.52427,124691,43867,35.180566360042
13.12264,43.39413,13.86513,12.61623,17.00187,192538,68651,35.6558185916546
16.28444,31.16781,9.43566,32.61193,10.50016,30557,6042,19.7728834636908
14.61411,27.87699,10.90928,27.75383,18.84579,38461,4893,12.7219781076935
11.11227,32.83487,16.06147,9.81696,30.17443,273428,92055,33.6669982591395
13.51032,29.72359,10.02076,25.84508,20.90025,65811,32967,50.0934494233487
14.05829,27.09893,25.71782,10.47467,22.65029,22593,8896,39.3750276634356
15.95809,33.71702,13.08146,23.64523,13.5982,127101,32678,25.7102619176875
16.31753,24.42966,6.93728,40.74097,11.57456,18257,11251,61.6256778222052
19.19373,26.12225,8.05078,31.81312,14.82012,32838,16589,50.5176929167428
19.45937,25.01019,7.39021,36.8777,11.26253,61183,36011,58.8578526714937
20.13564,24.44968,9.11354,33.64969,12.65145,119116,41647,34.963397024749
17.41062,26.89212,8.93179,33.7262,13.03927,29179,15773,54.0559991774907
19.63918,25.1963,7.39858,36.9929,10.77304,26779,13862,51.7644422868666
23.05883,17.77941,5.40441,45.70588,8.05147,15637,5282,33.7788578371811
15.70868,29.95537,7.82778,27.90733,18.60084,87826,40877,46.5431648942227
12.78362,24.23239,29.83065,8.45322,24.70012,127535,55134,43.2304857490101
19.38039,23.63992,11.87685,35.40083,9.70201,61157,32748,53.5474271138218
21.82635,23.75572,6.41839,39.8478,8.15174,30213,17024,56.34660576573
16.15417,32.07361,5.65232,38.48646,7.63344,26346,18656,70.8115083883701
18.95182,25.03392,7.58925,36.00574,12.41927,159699,92731,58.066111872961
15.64374,26.3164,21.63124,13.69683,22.71179,602938,232944,38.6348181736762
21.21947,16.76171,5.58882,38.33761,18.09239,28513,13387,46.9505138007225
21.12108,23.79794,9.47806,32.26064,13.34228,32293,16205,50.1811538104233
24.46209,17.9252,5.6916,40.47644,11.44467,23930,13431,56.1262014208107
22.09046,17.18782,6.06152,39.47063,15.18957,76073,25814,33.9331957461912
16.75024,25.1638,20.07819,13.0649,24.94287,150477,56464,37.5233424377147
15.72626,39.697,10.67053,19.06685,14.83936,42628,7527,17.6574082762504
19.69174,27.78943,10.81561,26.43763,15.26559,117736,32563,27.6576408235374
16.29014,24.51263,25.27272,12.17538,21.74913,70314,18277,25.9934010296669
19.0528,29.73235,10.43754,26.29834,14.47897,54447,23335,42.8581923705622
12.4678,39.46947,14.04736,12.6233,21.39207,68928,14128,20.4967502321263
12.78651,26.90047,24.78991,7.54323,27.97988,553806,146845,26.5156029367685
17.86274,26.5967,11.43547,23.05317,21.05192,168600,41021,24.3303677342823
11.38,44.79866,11.14608,10.80194,21.87332,126571,25052,19.7928435423596
13.12842,29.47971,23.35093,8.3485,25.69244,117056,27717,23.6784103335156
14.83002,33.23049,13.49739,16.8039,21.6382,77135,14467,18.7554287936734
20.58118,35.64583,7.46406,26.99627,9.31266,92858,25366,27.3169786125051
19.62348,31.41215,9.24997,26.69926,13.01514,31622,8362,26.4436152046044
22.23056,20.89788,6.1969,38.04764,12.62702,13679,3376,24.6801666788508
22.30562,17.54052,7.2821,41.57517,11.29659,31900,8658,27.141065830721
22.74487,19.15499,8.44419,34.06848,15.58747,105587,25716,24.3552710087416
15.60592,24.24406,9.82651,28.61341,21.7101,56088,19073,34.0054913707032
28.03735,11.61234,5.5108,47.18883,7.65068,26588,9325,35.0722130284339
17.35591,23.41809,19.54484,17.0872,22.59396,93859,29570,31.5047038643071
21.01191,24.78534,11.85885,30.59991,11.74399,71151,26731,37.5693946676786
18.47028,28.11336,11.49637,26.65817,15.26182,71019,21382,30.1074360382433
26.08661,17.52808,8.62771,40.72928,7.02832,28335,9066,31.9957649550026
25.97303,14.39961,5.05218,49.31249,5.26269,24290,11822,48.670234664471
31.30152,13.49588,5.47322,44.27134,5.45804,22552,10833,48.0356509400497
27.65582,14.32532,4.70661,47.59125,5.721,33176,14555,43.8720761996624
25.60647,13.6249,4.99957,50.10347,5.66559,61012,20549,33.6802596210581
16.54418,18.62392,4.48006,40.95387,19.39797,16384,2719,16.595458984375
25.19506,13.31241,4.75568,52.63938,4.09747,23115,5664,24.5035691109669
22.03096,17.19035,5.38707,47.86885,7.52277,24526,8580,34.9832830465628
21.27647,15.88739,4.03359,44.78104,14.02151,21335,9876,46.2901335833138
17.46852,22.17094,14.28606,30.28297,15.79151,111442,33374,29.9474165933849
11.80217,28.21761,24.69374,7.97826,27.30822,371393,116679,31.4165856653195
8.32703,34.86745,19.59121,6.54421,30.6701,453019,119781,26.440612866127
10.02241,36.23067,15.73023,8.88492,29.13177,507831,160062,31.5187532860341
13.20064,32.507,17.89661,6.99079,29.40496,486041,194112,39.9373715386151
12.15652,40.65384,15.23886,7.97132,23.97946,163467,52388,32.0480586295705
14.56774,35.19236,15.90447,12.29156,22.04387,213453,64349,30.1466833448113
13.67093,36.31472,11.53156,20.25001,18.23278,240603,79236,32.9322577025224
9.63885,35.13817,18.29423,8.01219,28.91656,92355,31253,33.8400736289318
14.51799,34.95613,13.15098,16.50881,20.86609,103347,32654,31.5964662738154
8.01433,35.11198,15.59545,6.98824,34.29,122458,34020,27.7809534697611
16.31223,28.25985,14.70057,24.55623,16.17112,53524,17823,33.2990807861894
20.01609,35.76075,5.86066,28.41145,9.95105,18607,7595,40.817971731069
26.63691,23.50175,4.81129,40.67286,4.37719,17828,6041,33.8849001570563
19.88787,35.0977,8.90832,29.17695,6.92916,28416,6381,22.4556587837838
19.07008,36.09045,12.40704,24.1127,8.31973,18585,7111,38.2620392789884
20.79351,30.67904,7.71838,31.47922,9.32985,20696,5176,25.009663703131
22.50543,30.12745,5.69475,34.52285,7.14952,18922,7451,39.3774442447944
26.0115,24.83219,3.60838,41.17189,4.37604,28903,8925,30.8791474933398
20.72631,29.34035,6.74386,35.49474,7.69474,32821,9985,30.4225952896012
21.79161,34.77297,4.51597,34.03399,4.88546,13141,3809,28.9856175329123
20.00523,29.86409,10.27705,29.87977,9.97386,22880,6782,29.6416083916084
19.18937,34.95883,12.82457,23.40722,9.62001,24326,9822,40.3765518375401
23.09938,24.02149,3.62876,39.0142,10.23617,17454,5629,32.2504869943852
12.64253,32.10154,26.18394,11.21931,17.85268,17851,6153,34.468657218083
22.80549,24.61345,11.80747,36.10101,4.67258,22510,9255,41.1150599733452
22.22275,31.22737,5.35872,35.38221,5.80895,23727,5972,25.1696379651873
19.71275,38.09772,7.90593,24.46845,9.81515,30020,12072,40.2131912058628
24.27042,33.51753,5.79347,30.50423,5.91435,27217,7383,27.1264283352317
14.93691,27.39887,26.50488,8.87258,22.28676,580782,197232,33.9597301569263
31.33987,19.50378,3.86917,39.03666,6.25052,23638,10193,43.1212454522379
20.22414,33.69823,5.58483,34.4404,6.0524,32642,12529,38.3830647631885
14.61858,31.35432,25.22684,11.44841,17.35185,13404,4349,32.4455386451805
25.74294,26.90193,5.5052,38.90788,2.94205,15372,5059,32.9104865990112
24.57019,23.26729,4.67967,43.58184,3.90101,13506,4270,31.6155782615134
18.8177,31.14886,13.21386,26.5882,10.23138,20249,7680,37.9277989036496
19.45049,36.7416,9.76553,26.14616,7.89622,15225,6151,40.4006568144499
21.47015,33.75984,6.94133,31.2584,6.57028,38113,10904,28.6096607456773
22.84383,26.5931,6.01963,40.78513,3.75831,24209,8073,33.34710231732
17.87609,37.10548,8.59185,28.41921,8.00737,27662,8498,30.7208444797918
21.02001,30.44971,8.16515,33.50641,6.85872,13783,5758,41.7761009939781
20.64393,33.04408,7.65176,30.81789,7.84234,28285,9201,32.529609333569
10.83351,39.56499,21.89425,7.47821,20.22904,121306,35103,28.9375628575668
25.1429,22.55266,7.13915,39.82892,5.33637,28079,12115,43.1461234374444
24.80394,23.19243,6.45562,41.96155,3.58646,22880,10172,44.458041958042
23.95175,23.72918,6.0382,38.69184,7.58903,15683,7212,45.9860995982911
25.00466,23.64374,7.00503,38.55798,5.78859,24433,10353,42.3730200957721
25.52618,22.64999,4.74871,41.74219,5.33293,15231,5123,33.6353489593592
24.08676,26.75133,6.05486,39.99838,3.10867,38998,17314,44.3971485717216
20.10377,33.55984,11.31743,28.83217,6.18679,44569,16751,37.5844196638919
26.45676,19.75086,8.57439,42.02076,3.19723,16022,6298,39.3084508800399
21.12841,30.27034,11.70008,29.7485,7.15267,32403,13656,42.1442459031571
22.37522,28.56939,8.30754,33.61084,7.13701,31964,13759,43.045300963584
25.3158,22.39142,6.72694,42.52898,3.03686,24961,9196,36.841472697408
20.55122,30.25764,11.62373,28.99441,8.573,23891,10359,43.3594240508978
25.08091,26.04301,5.54644,39.4192,3.91044,24028,11380,47.3614116863659
26.86986,20.28127,7.29402,41.84227,3.71258,24830,13264,53.4192509061619
23.79,26.82845,4.28207,39.74186,5.35762,15865,6032,38.0208005042547
20.33115,34.81532,7.85305,32.35552,4.64496,29700,14215,47.8619528619529
27.59047,19.82815,3.53164,45.955,3.09474,14173,7464,52.6635151344105
29.9143,18.43987,2.20536,46.40537,3.0351,19281,5835,30.2629531663295
23.84019,22.45479,8.28622,36.64582,8.77298,32109,9206,28.6710891027438
27.57713,23.70877,4.44539,40.40749,3.86122,15648,5747,36.7267382413088
26.77074,24.4716,3.36802,42.20716,3.18248,26169,8871,33.8988879972487
27.90789,12.26314,4.07152,36.79914,18.95831,12742,3803,29.8461779940355
24.5055,31.26374,3.26673,36.43856,4.52547,21056,10383,49.3113601823708
24.6304,21.11576,4.89261,38.37099,10.99024,21218,7499,35.3426336129701
24.78802,20.9511,3.94997,37.9381,12.37281,17004,5499,32.3394495412844
25.83774,25.95984,3.79189,39.65541,4.75512,15927,3402,21.3599547937465
20.13647,26.97277,13.21445,28.70987,10.96644,38502,11844,30.7620383356709
24.60703,27.38878,3.25807,39.7828,4.96332,11374,4481,39.3968700545103
23.38913,26.47798,10.23633,35.77329,4.12327,16346,5674,34.7118561115869
23.15831,28.51436,5.18922,34.79673,8.34138,26036,8816,33.8608081118451
15.15414,26.40035,31.77595,12.14937,14.52019,17310,7227,41.7504332755633
25.43589,24.53908,5.08468,40.44381,4.49654,26487,11835,44.682296975875
19.22904,30.11668,5.80803,28.23438,16.61187,18331,6052,33.0151110141291
25.47216,23.19693,4.8823,40.37909,6.06952,31216,11110,35.5907227063045
23.72784,26.60092,2.98742,43.49628,3.18754,14192,5057,35.6327508455468
17.59126,26.85638,23.49334,11.94788,20.11114,15200,4659,30.6513157894737
26.62428,25.2629,3.83142,35.86859,8.41281,15514,5419,34.9297408792059
26.74703,28.40909,3.43033,38.73194,2.68161,20940,5559,26.5472779369628
26.88728,24.37217,5.19357,36.8755,6.67148,29158,11546,39.5980519925921
24.72383,21.6202,3.8506,43.2404,6.56497,10459,3591,34.334066354336
23.88146,23.15531,3.34973,42.36941,7.24409,19013,7362,38.720875190659
18.81116,27.07209,7.16964,32.46761,14.4795,41254,9440,22.8826295631939
13.21939,29.5674,22.22866,10.01352,24.97103,17057,4456,26.124171894237
26.13792,21.72341,4.65769,43.08517,4.39581,17449,6311,36.1682617915067
24.96721,19.18921,7.0148,40.92698,7.9018,18040,4852,26.8957871396896
23.5564,21.62142,4.65774,40.89484,9.2696,15621,3743,23.96133410153
19.9591,31.7556,4.90851,31.86151,11.51528,31364,8990,28.6634357862518
23.60753,21.98216,4.59861,42.67592,7.13578,11411,3358,29.4277451581807
26.2369,20.26034,4.57762,43.67506,5.25008,41214,14693,35.6505071092347
18.9711,25.33633,14.3338,28.4892,12.86957,116892,33307,28.4938233583137
18.00401,34.17407,6.90887,28.34989,12.56316,27421,7282,26.5562889756026
22.90507,23.98527,4.20622,41.38298,7.52046,13381,3822,28.5628876765563
26.65586,17.20718,3.50505,46.62592,6.00599,17477,6082,34.8000228872232
12.56082,33.33033,30.44693,8.00144,15.66048,14399,4160,28.8908952010556
25.4791,20.43017,3.77341,43.08938,7.22794,36270,10437,28.7758478081059
16.22319,29.88086,27.31136,11.13582,15.44877,36902,15469,41.9191371741369
18.68798,31.92407,13.52729,23.01823,12.84243,48628,25038,51.4888541580982
19.49087,33.43093,4.71717,28.02245,14.33858,29971,15712,52.4240098762137
19.23559,25.83424,22.89872,11.37409,20.65736,18720,9889,52.8258547008547
29.28999,13.28784,2.49195,51.74053,3.18969,14631,6624,45.2737338527783
24.80895,22.40403,4.61656,39.37337,8.79709,26464,9045,34.1785066505441
28.16589,19.33363,3.35083,43.40267,5.74698,17943,6833,38.0817031711531
14.70108,44.26134,15.23928,12.68414,13.11416,48230,23941,49.6392286958325
17.24788,32.09411,7.00597,26.36576,17.28628,37514,12435,33.147624886709
20.31751,35.79753,8.36448,29.17455,6.34593,28175,15232,54.0621118012422
19.81372,28.92194,7.82635,28.74168,14.69631,25273,9402,37.2017568155739
19.09726,44.47072,7.15207,22.74046,6.53949,22379,10973,49.0325751820904
17.64786,47.41279,6.45603,19.87527,8.60805,18743,10095,53.8601077735688
16.14894,27.12051,7.73298,9.31923,39.67834,5969,2872,48.1152621879712
26.84008,15.42229,3.4816,48.49087,5.76516,17049,7111,41.7091911549064
14.68774,43.96409,9.72023,15.37064,16.2573,23152,11256,48.6178299930892
22.73411,29.26265,4.21345,32.17965,11.61014,10842,5474,50.4888396974728
27.53173,14.88449,5.66158,48.15999,3.76221,12331,5103,41.3835049874301
16.8865,41.76723,7.13226,19.9976,14.21641,31605,14266,45.1384274640089
26.32818,22.27567,4.81594,43.63627,2.94394,22195,15515,69.9031313358865
15.06638,31.73647,26.5475,10.51073,16.13892,14967,7215,48.206053317298
28.32422,18.50628,4.44631,41.95157,6.77162,19272,12538,65.0581154005812
21.94917,23.04272,11.10978,36.00312,7.89521,19520,6846,35.0717213114754
20.81305,31.49586,4.56519,33.36403,9.76187,9301,4578,49.2205139232341
13.82678,35.07642,24.61081,10.44438,16.04161,20895,8087,38.7030390045465
27.93428,19.88064,3.10595,45.43413,3.645,16962,8895,52.440749911567
20.34566,34.31897,4.90271,27.07072,13.36194,20527,12525,61.0171968626687
14.1263,30.04608,18.61253,7.48038,29.73471,54155,22458,41.4698550457022
28.16627,16.85518,5.13178,45.72909,4.11768,20896,14332,68.5872894333844
26.00158,21.9715,5.70071,37.94141,8.3848,15830,8967,56.6456096020215
27.88308,19.71862,3.73232,45.13777,3.52821,14837,5398,36.3820179281526
17.51776,35.74588,7.72014,21.37783,17.63839,18996,7532,39.6504527268899
28.14451,19.7052,3.84393,44.21387,4.09249,20377,14960,73.4161063944643
13.24289,30.35863,22.48347,8.08631,25.8287,318254,124775,39.2061058148523
25.55985,23.85967,5.57001,39.20574,5.80473,18764,13508,71.9889149435088
27.4048,19.53278,3.81822,46.0051,3.2391,11761,7161,60.88767961908
20.96862,32.8981,7.50097,25.6141,13.01821,31338,14231,45.411321718042
27.17751,24.53369,3.93211,40.74945,3.60724,20452,15153,74.0905534911011
23.1506,25.73817,7.81035,32.69129,10.60959,24235,13525,55.8077161130596
22.4746,27.62242,4.26321,31.48043,14.15934,20274,4348,21.4461872348821
15.48477,32.47432,5.01892,29.16742,17.85457,27992,4611,16.472563589597
16.45914,24.20847,26.37258,15.5105,17.44931,24772,7518,30.3487808816406
26.69612,19.39173,6.42059,41.3829,6.10866,9038,3643,40.3075901748174
26.84575,17.68683,3.87632,46.18228,5.40882,12627,5800,45.9333174942583
20.78552,23.4873,8.32598,36.50584,10.89536,25241,5902,23.3825918149043
29.0183,15.60775,4.67583,47.18584,3.51228,20664,7560,36.5853658536585
30.10799,12.1433,3.90728,48.45026,5.39117,12683,4023,31.7196246944729
25.80589,19.80836,4.4242,42.09499,7.86656,19488,6143,31.5219622331691
29.67841,15.77214,4.92811,46.153,3.46834,10477,5424,51.7705450033407
28.17184,13.77946,4.50772,48.79367,4.74731,19987,5206,26.0469305048281
25.38063,21.2214,6.93204,38.1007,8.36523,25717,7880,30.64121009449
25.47637,21.50166,7.98126,39.0468,5.99391,26766,13279,49.6114473585893
30.50581,11.8337,3.35114,52.35103,1.95832,9702,5051,52.0614306328592
27.07617,16.4602,3.37233,47.32163,5.76967,19105,6673,34.9280293116985
29.11266,15.64058,5.34646,44.39183,5.50847,9286,3301,35.5481369804006
24.11202,21.50731,6.94048,34.9555,12.48469,15492,3440,22.2050090369223
29.55518,12.81182,6.34536,47.04125,4.24639,14162,3515,24.8199406863437
22.53009,28.95263,4.04609,38.68374,5.78745,21484,3963,18.4462856078942
24.1055,23.44455,4.90626,42.17985,5.36384,17892,5337,29.8289738430583
17.81207,31.34201,14.48695,25.98325,10.37572,51548,15390,29.8556685031427
17.16008,26.30782,24.55328,19.12788,12.85094,101237,24774,24.4712901409564
26.01104,24.24589,6.69902,32.78618,10.25787,26215,14110,53.8241464810223
21.93874,27.62029,8.52429,20.43074,21.48594,35973,14150,39.3350568481917
12.61592,25.39712,19.54825,10.53163,31.90708,16614,4939,29.7279402913206
27.24213,20.52485,7.65857,32.38718,12.18727,87608,39919,45.5654734727422
15.58732,32.11904,13.14521,16.16824,22.98019,88246,36288,41.1214106021803
24.21528,25.75195,6.84582,28.67235,14.5146,18965,9696,51.1257579752175
22.42633,22.84736,6.26426,31.41291,17.04914,80425,38808,48.2536524712465
12.53745,29.79237,20.61212,10.7008,26.35726,104620,34268,32.7547314089084
23.50993,28.86534,10.75276,22.92936,13.94261,63322,30469,48.1175578787783
17.25492,49.13632,5.34423,19.73684,8.52769,36488,13840,37.9302784477088
12.92649,47.48007,15.25874,5.41943,18.91527,31271,14367,45.9435259505612
27.5991,18.42671,4.95237,36.04425,12.97757,24974,14377,57.5678705854088
17.12492,24.69578,16.30806,17.75654,24.1147,35081,9155,26.0967475271514
16.53745,32.42755,10.34249,22.20173,18.49078,35392,17769,50.2062613019892
12.70621,35.12164,19.39411,10.7507,22.02734,117504,42811,36.4336533224401
13.23625,28.86411,24.64291,6.5131,26.74363,504542,187759,37.2137502923443
18.8286,32.31171,7.99915,20.80119,20.05935,96906,49263,50.83586155656
14.86437,24.57617,24.37031,8.71276,27.47639,25816,12194,47.234273318872
8.89308,42.50583,14.47208,4.60753,29.52148,26867,6376,23.7317154874009
15.87487,37.93936,11.36543,16.17125,18.64909,205827,83413,40.5257813600742
14.7165,35.50896,9.98337,13.98095,25.81022,95987,35693,37.1852438351027
11.77985,32.53943,17.43161,7.37045,30.87866,23192,7412,31.9592963090721
16.04459,37.78731,6.85935,18.42882,20.87993,74270,31965,43.0389120775549
13.29232,22.77758,27.15044,8.62659,28.15307,27888,11295,40.5012908777969
16.38992,43.03134,8.37625,18.62082,13.58167,54038,22919,42.412746585736
15.26257,39.44101,10.35318,13.90327,21.03997,76864,31099,40.4597731057452
14.69343,37.71325,12.36949,10.54196,24.68187,89833,33078,36.8216579653357
15.71231,39.79068,10.63778,16.59377,17.26546,61465,25119,40.8671601724559
15.96021,40.54161,11.16183,14.32373,18.01262,150949,64340,42.6236675963405
12.22381,37.92615,14.77989,8.40804,26.66211,83558,26045,31.1699657722779
12.81394,26.98311,24.8537,5.74757,29.60168,551683,188985,34.2560854693728
12.14345,37.44316,15.16122,7.54444,27.70773,13229,5317,40.1920024189281
14.3366,43.29151,8.08063,14.02898,20.26228,75552,33356,44.1497246929267
13.1201,28.45953,17.15622,7.50653,33.75762,13582,5431,39.9867471653659
14.63836,40.85891,10.60277,10.27075,23.62921,81852,41845,51.122758148854
11.14949,49.90394,8.50906,7.90984,22.52767,103716,40909,39.4432874387751
11.02246,31.79559,20.45697,5.00499,31.71999,254494,103498,40.6681493473324
12.19527,42.87267,11.21506,10.09705,23.61995,67442,31328,46.4517659618635
12.41671,49.14147,8.589,11.24332,18.6095,74337,32628,43.8920053270915
13.49273,43.28087,14.93947,7.73608,20.55085,22611,9362,41.4046260669586
16.39456,40.84269,7.88468,14.95452,19.92355,46232,23819,51.5205917978889
13.1814,39.83468,12.30265,7.26095,27.42032,18307,6942,37.9199213415633
10.9086,54.13829,9.11515,9.0594,16.77856,57421,24811,43.2089305306421
14.41582,43.43249,10.07143,9.43891,22.64135,90902,50123,55.1396008888693
17.93546,37.07956,10.07797,14.50127,20.40574,52038,29736,57.1428571428571
16.84241,40.68808,8.35597,14.28609,19.82745,47414,26305,55.4793942717341
12.89394,29.94671,18.46962,6.29358,32.39615,82740,41819,50.542663766014
13.03183,45.21869,16.75097,6.83725,18.16126,23637,9757,41.2785040402758
13.27236,39.503,11.44588,8.07797,27.70079,107219,49823,46.4684430931085
13.25716,44.43106,13.87735,9.52104,18.91339,215250,91276,42.4046457607433
22.82787,25.07737,8.10159,36.93309,7.06008,55323,14994,27.1026517000163
23.46632,35.33852,6.5263,30.96305,3.70581,20830,10314,49.5151224195871
16.69549,50.36486,9.09943,18.20766,5.63256,38000,12960,34.1052631578947
24.52872,25.07688,8.39164,36.36971,5.63305,25327,8680,34.2717258261934
21.59424,37.90415,8.6218,24.57412,7.30569,23145,9232,39.8876647224022
24.64449,23.43336,7.50181,36.37623,8.04411,19177,9708,50.6231423058873
26.97411,21.84858,5.2231,42.91987,3.03434,34216,20056,58.6158522328735
26.23862,22.1142,6.64363,41.28932,3.71423,34231,11306,33.0285413806199
14.65345,42.81508,15.507,15.2693,11.75517,49653,15371,30.9568404728818
22.39733,27.71251,8.34288,32.67908,8.8682,25469,11141,43.7433742981664
17.78142,33.0408,12.16322,22.17757,14.83699,29324,7402,25.2421224935207
16.67793,41.19664,10.91205,19.92467,11.28871,76146,23519,30.8867176214115
22.63895,29.23041,8.81814,35.56789,3.74461,19372,9691,50.0258104480694
19.68478,37.77451,9.68372,25.78964,7.06735,56909,23941,42.0689170429985
21.59638,28.19287,11.95177,27.37538,10.8836,113614,37158,32.705476437763
30.1465,15.92298,6.02763,42.35245,5.55044,12855,4415,34.3446129910541
27.74051,18.24768,4.72293,46.73286,2.55602,15891,6128,38.5627084513247
23.59479,31.17048,6.98094,29.73236,8.52143,24343,9746,40.0361500225938
18.36893,36.50725,16.19887,20.00034,8.92461,70180,23081,32.888287261328
25.38616,21.91789,6.32788,43.80706,2.56101,18435,8376,45.4353132628153
29.42604,17.98876,6.29468,42.69554,3.59498,15346,7117,46.3769060341457
21.30879,38.74325,6.33674,25.67945,7.93177,23136,8300,35.8748271092669
20.85902,28.22683,11.63671,31.74999,7.52745,53755,18834,35.0367407683006
21.60938,35.86517,9.41466,26.19373,6.91706,86866,33414,38.4661432551286
19.40506,33.59304,9.23115,27.51426,10.25649,74032,19744,26.6695483034364
24.39438,24.43523,8.00887,38.0188,5.14272,19648,7003,35.6423045602606
13.92762,33.70288,26.4612,11.73221,14.17609,338976,102461,30.2266237137733
23.8696,25.83602,9.5327,33.6008,7.16088,68322,30179,44.1717162846521
19.7491,28.43976,16.30584,25.78529,9.72001,88525,35041,39.5831685964417
24.85591,25.12856,6.01208,34.23986,9.76359,33132,14566,43.9635397802728
23.7626,30.42995,7.826,30.35417,7.62728,69472,28163,40.5386342699217
22.04565,29.672,6.92735,37.38798,3.96702,36451,12085,33.1540972812817
27.04045,27.73651,5.5855,34.31094,5.3266,25246,8930,35.3719401093242
25.53665,23.12352,8.95964,38.42128,3.95891,23354,7093,30.3716708058577
25.22829,21.8327,8.13564,36.08039,8.72298,25321,9872,38.9874017613838
19.77125,30.59956,16.49664,22.28683,10.84572,73628,24610,33.4247840495464
18.56987,36.99021,11.07259,22.3695,10.99783,18043,5529,30.643462838774
27.68659,21.9746,5.88265,40.4407,4.01546,21790,8551,39.2427719137219
25.27738,23.97241,8.23225,38.43633,4.08163,19853,8261,41.6108396715862
17.86813,32.83967,13.72519,23.10355,12.46346,32243,11802,36.6032937381757
22.33194,27.18559,8.50434,34.70891,7.26922,35794,12933,36.1317539252389
24.72756,27.11948,6.64607,34.50217,7.00472,39730,19926,50.1535363705009
18.82215,27.14089,18.3395,23.45372,12.24374,120014,39616,33.0094822270735
24.27092,21.02177,10.42371,35.45013,8.83347,23633,13539,57.2885372149114
22.5906,32.09794,7.87494,26.11065,11.32587,42690,17899,41.9278519559616
17.93633,34.33793,11.35307,24.2949,12.07777,75019,29723,39.6206294405417
26.46954,21.68536,6.69864,40.60803,4.53843,28720,12941,45.0591922005571
19.74009,32.39906,8.81899,24.54007,14.50179,37317,13227,35.4449714607284
20.59455,25.71088,10.39372,33.97892,9.32193,60387,23544,38.9885240200705
19.46211,31.9126,7.47389,31.76852,9.38288,20342,7784,38.2656572608396
18.88899,28.46818,12.3154,21.13625,19.19118,184634,79368,42.9866655112276
24.98444,18.09344,8.22617,39.97978,8.71617,44164,17679,40.0303414545784
16.73411,23.42441,22.88493,17.31959,19.63696,184109,76292,41.4384956737585
17.04174,32.88906,13.22238,15.48446,21.36236,108182,52364,48.4036161283763
17.64084,27.91809,12.30731,24.0273,18.10646,75961,25135,33.0893484814576
26.69362,19.05295,6.22473,39.78553,8.24317,72632,34119,46.9751624628263
29.59856,11.44339,5.63825,49.16554,4.15426,24457,8748,35.7689005192787
14.38773,26.761,24.39243,12.72738,21.73146,111524,48078,43.1100032280047
23.03561,24.16009,5.39288,40.30659,7.10483,26345,18563,70.4611880812298
25.01508,21.1338,6.43146,37.61523,9.80443,30406,19341,63.6091560876143
20.11966,29.27124,11.39142,24.85853,14.35915,63129,28223,44.706870059719
20.02778,25.67634,15.13641,27.22499,11.93448,71975,37315,51.844390413338
24.80163,18.73986,5.36857,44.7273,6.36264,40416,29834,73.8173000791766
25.46383,23.22319,7.98258,35.66612,7.66428,29209,14592,49.9572049710706
24.17701,22.33308,11.80124,33.6646,8.02407,32774,10789,32.9193873192165
15.04224,29.61154,18.47122,15.28086,21.59414,175347,58928,33.60650595676
16.25293,28.93748,12.6083,15.41664,26.78465,234409,78566,33.5166311873691
15.91185,29.00431,15.91305,16.16799,23.0028,485912,171152,35.2228387033043
14.04359,25.49109,24.00133,7.21956,29.24443,932831,318746,34.1697477892566
15.08803,46.28983,7.80591,24.30525,6.51098,34959,14791,42.30956263051
16.00839,27.08224,24.82975,11.98533,20.09429,15984,5631,35.228978978979
21.28516,30.90927,8.48099,33.61384,5.71074,103623,49469,47.7394014842265
14.72868,47.18028,9.06352,20.01176,9.01576,36953,17454,47.232971612589
18.65271,40.14211,7.92157,26.77225,6.51136,46875,20503,43.7397333333333
16.09087,29.49744,27.15862,10.09097,17.1621,65317,20718,31.7191542783655
17.94929,28.35251,20.67687,22.88395,10.13738,61882,27548,44.5169839371707
14.11128,47.26166,9.50165,21.36579,7.75962,33565,15233,45.3835840905705
15.51897,37.53531,11.50026,20.28189,15.16357,47094,18300,38.8584533061536
17.329,27.72638,22.50163,14.20195,18.24104,13363,5563,41.6298735313927
18.08855,41.8195,7.28285,25.40044,7.40866,26085,11976,45.9114433582519
15.0037,44.66581,9.36395,20.78595,10.18059,50690,22824,45.0266324718879
13.93519,27.33038,20.86042,9.05634,28.81767,97932,38217,39.0240166646244
